2026-06-07 17:39:13 [wxAutoControl] [DEBUG] [client.py:108]  添加好友开始 手机号='13789625468'
2026-06-07 17:39:13 [wxAutoControl] [DEBUG] [client.py:129]  开始从全局搜索打开添加朋友窗口
2026-06-07 17:39:13 [wxAutoControl] [DEBUG] [visual.py:916]  开始执行全局搜索添加好友 手机号='13789625468' 重试次数=3 窗口模式=固定尺寸:1000x700
2026-06-07 17:39:13 [wxAutoControl] [DEBUG] [visual.py:357]  VisualWeixinWindow.normalize_main_window source=already-normalized size=1000x700
2026-06-07 17:39:14 [wxAutoControl] [DEBUG] [visual.py:381]  VisualWeixinWindow.screenshot first capture hwnd=264340 size=1000x700 cost=0.018s
2026-06-07 17:39:14 [wxAutoControl] [DEBUG] [visual.py:395]  VisualWeixinWindow._get_ocr init start
2026-06-07 17:39:14 [wxAutoControl] [DEBUG] [visual.py:397]  VisualWeixinWindow._get_ocr init done cost=0.499s
2026-06-07 17:39:16 [wxAutoControl] [DEBUG] [visual.py:410]  VisualWeixinWindow.ocr_texts first OCR call cost=2.627s
2026-06-07 17:39:16 [wxAutoControl] [DEBUG] [visual.py:651]  在搜索区域识别到占位词 text='搜索' box=(50, 44, 77, 58)
2026-06-07 17:39:16 [wxAutoControl] [DEBUG] [visual.py:712]  搜索占位词已可见，跳过切换到聊天页
2026-06-07 17:39:18 [wxAutoControl] [DEBUG] [visual.py:651]  在搜索区域识别到占位词 text='搜索' box=(50, 44, 77, 58)
2026-06-07 17:39:18 [wxAutoControl] [DEBUG] [visual.py:560]  已根据 OCR 识别到搜索框 占位词='搜索' box=(61, 36, 326, 68)
2026-06-07 17:39:19 [wxAutoControl] [DEBUG] [visual.py:651]  在搜索区域识别到占位词 text='搜索' box=(50, 44, 77, 58)
2026-06-07 17:39:19 [wxAutoControl] [DEBUG] [visual.py:560]  已根据 OCR 识别到搜索框 占位词='搜索' box=(61, 36, 326, 68)
2026-06-07 17:39:19 [wxAutoControl] [DEBUG] [visual.py:628]  搜索框候选点击点 来源=ocr:search-box 区域=(50, 5, 400, 70) 候选点=[(172, 53), (214, 53), (135, 53)]
2026-06-07 17:39:19 [wxAutoControl] [DEBUG] [visual.py:305]  VisualWeixinWindow._resolve_abs_point source=client-origin rel=(172, 53) abs=(670, 311)
2026-06-07 17:39:19 [wxAutoControl] [DEBUG] [visual.py:827]  尝试聚焦搜索框 attempt=1 candidate=0 point=(172, 53) focused=True action=单击后直接认为已聚焦
2026-06-07 17:39:21 [wxAutoControl] [DEBUG] [visual.py:450]  VisualWeixinWindow.read_search_text normalized='搜索开干(19)' raw_boxes=['搜索', '开干(19)']
2026-06-07 17:39:21 [wxAutoControl] [DEBUG] [visual.py:872]  开始写入搜索内容 attempt=1 当前文本='搜索开干(19)' 目标文本='13789625468' 聚焦点=(172, 53)
2026-06-07 17:39:22 [wxAutoControl] [DEBUG] [visual.py:450]  VisualWeixinWindow.read_search_text normalized='：搜索开干(19)' raw_boxes=['Q：', '搜索', '开干(19)']
2026-06-07 17:39:22 [wxAutoControl] [DEBUG] [visual.py:305]  VisualWeixinWindow._resolve_abs_point source=client-origin rel=(384, 37) abs=(882, 295)
2026-06-07 17:39:24 [wxAutoControl] [DEBUG] [visual.py:450]  VisualWeixinWindow.read_search_text normalized='搜索开干(19)' raw_boxes=['搜索', '开干(19)']
2026-06-07 17:39:24 [wxAutoControl] [DEBUG] [visual.py:305]  VisualWeixinWindow._resolve_abs_point source=client-origin rel=(172, 53) abs=(670, 311)
2026-06-07 17:39:26 [wxAutoControl] [DEBUG] [visual.py:450]  VisualWeixinWindow.read_search_text normalized='搜索开干(19)' raw_boxes=['搜索', '开干(19)']
2026-06-07 17:39:26 [wxAutoControl] [DEBUG] [visual.py:877]  清空搜索框后文本 attempt=1 value='搜索开干(19)'
2026-06-07 17:39:26 [wxAutoControl] [DEBUG] [visual.py:305]  VisualWeixinWindow._resolve_abs_point source=client-origin rel=(172, 53) abs=(670, 311)
2026-06-07 17:39:27 [wxAutoControl] [DEBUG] [visual.py:450]  VisualWeixinWindow.read_search_text normalized='13789625468开干(19)' raw_boxes=['13789625468', '开干(19)']
2026-06-07 17:39:27 [wxAutoControl] [DEBUG] [visual.py:885]  写入搜索框后的实际文本 attempt=1 value='13789625468开干(19)'
2026-06-07 17:39:32 [wxAutoControl] [DEBUG] [visual.py:533]  未识别到搜索占位词，无法根据 OCR 推导搜索框
2026-06-07 17:39:35 [wxAutoControl] [DEBUG] [visual.py:533]  未识别到搜索占位词，无法根据 OCR 推导搜索框
2026-06-07 17:39:38 [wxAutoControl] [DEBUG] [visual.py:628]  搜索框候选点击点 来源=heuristic 区域=(50, 5, 400, 70) 候选点=[(169, 37), (218, 37), (260, 37)]
2026-06-07 17:39:38 [wxAutoControl] [DEBUG] [visual.py:305]  VisualWeixinWindow._resolve_abs_point source=client-origin rel=(169, 37) abs=(667, 295)
2026-06-07 17:39:38 [wxAutoControl] [DEBUG] [visual.py:827]  尝试聚焦搜索框 attempt=2 candidate=0 point=(169, 37) focused=True action=单击后直接认为已聚焦
2026-06-07 17:39:40 [wxAutoControl] [DEBUG] [visual.py:450]  VisualWeixinWindow.read_search_text normalized='搜索开干(19)' raw_boxes=['搜索', '开干(19)']
2026-06-07 17:39:40 [wxAutoControl] [DEBUG] [visual.py:872]  开始写入搜索内容 attempt=2 当前文本='搜索开干(19)' 目标文本='13789625468' 聚焦点=(169, 37)
2026-06-07 17:39:41 [wxAutoControl] [DEBUG] [visual.py:450]  VisualWeixinWindow.read_search_text normalized='搜索开干(19)' raw_boxes=['搜索', '开干(19)']
2026-06-07 17:39:41 [wxAutoControl] [DEBUG] [visual.py:305]  VisualWeixinWindow._resolve_abs_point source=client-origin rel=(384, 37) abs=(882, 295)
2026-06-07 17:39:57 [wxAutoControl] [DEBUG] [client.py:69]  发送消息开始 目标='文件传输助手' 精确匹配=False 发送后清空=True
2026-06-07 17:39:57 [wxAutoControl] [DEBUG] [visual.py:1035]  VisualWeixinWindow.send_message_to_session start who='文件传输助手' exact=False window_mode=fixed:1000x700
2026-06-07 17:39:58 [wxAutoControl] [DEBUG] [visual.py:357]  VisualWeixinWindow.normalize_main_window source=already-normalized size=1000x700
2026-06-07 17:39:58 [wxAutoControl] [DEBUG] [visual.py:381]  VisualWeixinWindow.screenshot first capture hwnd=264340 size=1000x700 cost=0.014s
2026-06-07 17:39:58 [wxAutoControl] [DEBUG] [visual.py:395]  VisualWeixinWindow._get_ocr init start
2026-06-07 17:39:58 [wxAutoControl] [DEBUG] [visual.py:397]  VisualWeixinWindow._get_ocr init done cost=0.477s
2026-06-07 17:40:01 [wxAutoControl] [DEBUG] [visual.py:410]  VisualWeixinWindow.ocr_texts first OCR call cost=2.840s
2026-06-07 17:40:01 [wxAutoControl] [DEBUG] [visual.py:651]  在搜索区域识别到占位词 text='搜索' box=(50, 44, 77, 58)
2026-06-07 17:40:01 [wxAutoControl] [DEBUG] [visual.py:712]  搜索占位词已可见，跳过切换到聊天页
2026-06-07 17:40:02 [wxAutoControl] [DEBUG] [visual.py:651]  在搜索区域识别到占位词 text='搜索' box=(50, 44, 77, 58)
2026-06-07 17:40:02 [wxAutoControl] [DEBUG] [visual.py:560]  已根据 OCR 识别到搜索框 占位词='搜索' box=(61, 36, 326, 68)
2026-06-07 17:40:03 [wxAutoControl] [DEBUG] [visual.py:651]  在搜索区域识别到占位词 text='搜索' box=(50, 44, 77, 58)
2026-06-07 17:40:03 [wxAutoControl] [DEBUG] [visual.py:560]  已根据 OCR 识别到搜索框 占位词='搜索' box=(61, 36, 326, 68)
2026-06-07 17:40:03 [wxAutoControl] [DEBUG] [visual.py:628]  搜索框候选点击点 来源=ocr:search-box 区域=(50, 5, 400, 70) 候选点=[(172, 53), (214, 53), (135, 53)]
2026-06-07 17:40:03 [wxAutoControl] [DEBUG] [visual.py:305]  VisualWeixinWindow._resolve_abs_point source=client-origin rel=(172, 53) abs=(670, 311)
2026-06-07 17:40:04 [wxAutoControl] [DEBUG] [visual.py:827]  尝试聚焦搜索框 attempt=1 candidate=0 point=(172, 53) focused=True action=单击后直接认为已聚焦
2026-06-07 17:40:05 [wxAutoControl] [DEBUG] [visual.py:450]  VisualWeixinWindow.read_search_text normalized='搜索开干(19)' raw_boxes=['搜索', '开干(19)']
2026-06-07 17:40:05 [wxAutoControl] [DEBUG] [visual.py:872]  开始写入搜索内容 attempt=1 当前文本='搜索开干(19)' 目标文本='文件传输助手' 聚焦点=(172, 53)
2026-06-07 17:40:07 [wxAutoControl] [DEBUG] [visual.py:450]  VisualWeixinWindow.read_search_text normalized='：搜索开干(19)' raw_boxes=['Q：', '搜索', '开干(19)']
2026-06-07 17:40:07 [wxAutoControl] [DEBUG] [visual.py:305]  VisualWeixinWindow._resolve_abs_point source=client-origin rel=(384, 37) abs=(882, 295)
2026-06-07 17:40:08 [wxAutoControl] [DEBUG] [visual.py:450]  VisualWeixinWindow.read_search_text normalized='搜索开干(19)' raw_boxes=['搜索', '开干(19)']
2026-06-07 17:40:08 [wxAutoControl] [DEBUG] [visual.py:305]  VisualWeixinWindow._resolve_abs_point source=client-origin rel=(172, 53) abs=(670, 311)
2026-06-07 17:40:10 [wxAutoControl] [DEBUG] [visual.py:450]  VisualWeixinWindow.read_search_text normalized='搜索开干(19)' raw_boxes=['搜索', '开干(19)']
2026-06-07 17:40:10 [wxAutoControl] [DEBUG] [visual.py:877]  清空搜索框后文本 attempt=1 value='搜索开干(19)'
2026-06-07 17:40:10 [wxAutoControl] [DEBUG] [visual.py:305]  VisualWeixinWindow._resolve_abs_point source=client-origin rel=(172, 53) abs=(670, 311)
2026-06-07 17:40:12 [wxAutoControl] [DEBUG] [visual.py:450]  VisualWeixinWindow.read_search_text normalized='文件传输助手开干(19)' raw_boxes=['文件传输助手', '开干(19)']
2026-06-07 17:40:12 [wxAutoControl] [DEBUG] [visual.py:885]  写入搜索框后的实际文本 attempt=1 value='文件传输助手开干(19)'
2026-06-07 17:40:16 [wxAutoControl] [DEBUG] [visual.py:533]  未识别到搜索占位词，无法根据 OCR 推导搜索框
2026-06-07 17:40:20 [wxAutoControl] [DEBUG] [visual.py:533]  未识别到搜索占位词，无法根据 OCR 推导搜索框
2026-06-07 17:40:23 [wxAutoControl] [DEBUG] [visual.py:628]  搜索框候选点击点 来源=heuristic 区域=(50, 5, 400, 70) 候选点=[(169, 37), (218, 37), (260, 37)]
2026-06-07 17:40:23 [wxAutoControl] [DEBUG] [visual.py:305]  VisualWeixinWindow._resolve_abs_point source=client-origin rel=(169, 37) abs=(667, 295)
2026-06-07 17:40:23 [wxAutoControl] [DEBUG] [visual.py:827]  尝试聚焦搜索框 attempt=2 candidate=0 point=(169, 37) focused=True action=单击后直接认为已聚焦
2026-06-07 17:40:24 [wxAutoControl] [DEBUG] [visual.py:450]  VisualWeixinWindow.read_search_text normalized='搜索开干(19)' raw_boxes=['搜索', '开干(19)']
2026-06-07 17:40:24 [wxAutoControl] [DEBUG] [visual.py:872]  开始写入搜索内容 attempt=2 当前文本='搜索开干(19)' 目标文本='文件传输助手' 聚焦点=(169, 37)
2026-06-07 17:40:26 [wxAutoControl] [DEBUG] [visual.py:450]  VisualWeixinWindow.read_search_text normalized='搜索开干(19)' raw_boxes=['搜索', '开干(19)']
2026-06-07 17:40:26 [wxAutoControl] [DEBUG] [visual.py:305]  VisualWeixinWindow._resolve_abs_point source=client-origin rel=(384, 37) abs=(882, 295)
2026-06-07 17:40:27 [wxAutoControl] [DEBUG] [visual.py:450]  VisualWeixinWindow.read_search_text normalized='搜索开干(19)' raw_boxes=['搜索', '开干(19)']
2026-06-07 17:40:27 [wxAutoControl] [DEBUG] [visual.py:305]  VisualWeixinWindow._resolve_abs_point source=client-origin rel=(169, 37) abs=(667, 295)
2026-06-07 17:40:29 [wxAutoControl] [DEBUG] [visual.py:450]  VisualWeixinWindow.read_search_text normalized='搜索开干(19)' raw_boxes=['搜索', '开干(19)']
2026-06-07 17:40:29 [wxAutoControl] [DEBUG] [visual.py:877]  清空搜索框后文本 attempt=2 value='搜索开干(19)'
2026-06-07 17:40:29 [wxAutoControl] [DEBUG] [visual.py:305]  VisualWeixinWindow._resolve_abs_point source=client-origin rel=(169, 37) abs=(667, 295)
2026-06-07 17:40:31 [wxAutoControl] [DEBUG] [visual.py:450]  VisualWeixinWindow.read_search_text normalized='搜索开干(19)' raw_boxes=['搜索', '开干(19)']
2026-06-07 17:40:31 [wxAutoControl] [DEBUG] [visual.py:885]  写入搜索框后的实际文本 attempt=2 value='搜索开干(19)'
2026-06-07 17:40:32 [wxAutoControl] [DEBUG] [visual.py:651]  在搜索区域识别到占位词 text='搜索' box=(50, 44, 77, 58)
2026-06-07 17:40:32 [wxAutoControl] [DEBUG] [visual.py:560]  已根据 OCR 识别到搜索框 占位词='搜索' box=(61, 36, 326, 68)
2026-06-07 17:40:34 [wxAutoControl] [DEBUG] [visual.py:651]  在搜索区域识别到占位词 text='搜索' box=(50, 44, 77, 58)
2026-06-07 17:40:34 [wxAutoControl] [DEBUG] [visual.py:560]  已根据 OCR 识别到搜索框 占位词='搜索' box=(61, 36, 326, 68)
2026-06-07 17:40:34 [wxAutoControl] [DEBUG] [visual.py:628]  搜索框候选点击点 来源=ocr:search-box 区域=(50, 5, 400, 70) 候选点=[(172, 53), (214, 53), (135, 53)]
2026-06-07 17:40:34 [wxAutoControl] [DEBUG] [visual.py:305]  VisualWeixinWindow._resolve_abs_point source=client-origin rel=(172, 53) abs=(670, 311)
2026-06-07 17:40:34 [wxAutoControl] [DEBUG] [visual.py:827]  尝试聚焦搜索框 attempt=3 candidate=0 point=(172, 53) focused=True action=单击后直接认为已聚焦
2026-06-07 17:40:35 [wxAutoControl] [DEBUG] [visual.py:450]  VisualWeixinWindow.read_search_text normalized='搜索开干(19)' raw_boxes=['搜索', '开干(19)']
2026-06-07 17:40:35 [wxAutoControl] [DEBUG] [visual.py:872]  开始写入搜索内容 attempt=3 当前文本='搜索开干(19)' 目标文本='文件传输助手' 聚焦点=(172, 53)
2026-06-07 17:40:36 [wxAutoControl] [DEBUG] [visual.py:450]  VisualWeixinWindow.read_search_text normalized='搜索开干(19)' raw_boxes=['搜索', '开干(19)']
2026-06-07 17:40:36 [wxAutoControl] [DEBUG] [visual.py:305]  VisualWeixinWindow._resolve_abs_point source=client-origin rel=(384, 37) abs=(882, 295)
2026-06-07 17:40:38 [wxAutoControl] [DEBUG] [visual.py:450]  VisualWeixinWindow.read_search_text normalized='搜索开干(19)' raw_boxes=['搜索', '开干(19)']
2026-06-07 17:40:38 [wxAutoControl] [DEBUG] [visual.py:305]  VisualWeixinWindow._resolve_abs_point source=client-origin rel=(172, 53) abs=(670, 311)
2026-06-07 17:40:40 [wxAutoControl] [DEBUG] [visual.py:450]  VisualWeixinWindow.read_search_text normalized='搜索开干(19)' raw_boxes=['搜索', '开干(19)']
2026-06-07 17:40:40 [wxAutoControl] [DEBUG] [visual.py:877]  清空搜索框后文本 attempt=3 value='搜索开干(19)'
2026-06-07 17:40:40 [wxAutoControl] [DEBUG] [visual.py:305]  VisualWeixinWindow._resolve_abs_point source=client-origin rel=(172, 53) abs=(670, 311)
2026-06-07 17:40:41 [wxAutoControl] [DEBUG] [visual.py:450]  VisualWeixinWindow.read_search_text normalized='文件传输助手开干(19)' raw_boxes=['文件传输助手', '开干(19)']
2026-06-07 17:40:42 [wxAutoControl] [DEBUG] [visual.py:885]  写入搜索框后的实际文本 attempt=3 value='文件传输助手开干(19)'
2026-06-07 17:40:42 [wxAutoControl] [DEBUG] [client.py:79]  发送消息结果 result=search_input_failed
2026-06-07 17:41:59 [wxAutoControl] [DEBUG] [client.py:108]  添加好友开始 手机号='13789625468'
2026-06-07 17:41:59 [wxAutoControl] [DEBUG] [client.py:129]  开始从全局搜索打开添加朋友窗口
2026-06-07 17:41:59 [wxAutoControl] [DEBUG] [visual.py:916]  开始执行全局搜索添加好友 手机号='13789625468' 重试次数=3 窗口模式=固定尺寸:1000x700
2026-06-07 17:41:59 [wxAutoControl] [DEBUG] [visual.py:357]  VisualWeixinWindow.normalize_main_window source=already-normalized size=1000x700
2026-06-07 17:41:59 [wxAutoControl] [DEBUG] [visual.py:381]  VisualWeixinWindow.screenshot first capture hwnd=264340 size=1000x700 cost=0.018s
2026-06-07 17:41:59 [wxAutoControl] [DEBUG] [visual.py:395]  VisualWeixinWindow._get_ocr init start
2026-06-07 17:42:00 [wxAutoControl] [DEBUG] [visual.py:397]  VisualWeixinWindow._get_ocr init done cost=0.474s
2026-06-07 17:42:02 [wxAutoControl] [DEBUG] [visual.py:410]  VisualWeixinWindow.ocr_texts first OCR call cost=2.577s
2026-06-07 17:42:02 [wxAutoControl] [DEBUG] [visual.py:651]  在搜索区域识别到占位词 text='搜索' box=(50, 44, 77, 58)
2026-06-07 17:42:02 [wxAutoControl] [DEBUG] [visual.py:712]  搜索占位词已可见，跳过切换到聊天页
2026-06-07 17:42:04 [wxAutoControl] [DEBUG] [visual.py:651]  在搜索区域识别到占位词 text='搜索' box=(50, 44, 77, 58)
2026-06-07 17:42:04 [wxAutoControl] [DEBUG] [visual.py:560]  已根据 OCR 识别到搜索框 占位词='搜索' box=(61, 36, 326, 68)
2026-06-07 17:42:05 [wxAutoControl] [DEBUG] [visual.py:651]  在搜索区域识别到占位词 text='搜索' box=(50, 44, 77, 58)
2026-06-07 17:42:05 [wxAutoControl] [DEBUG] [visual.py:560]  已根据 OCR 识别到搜索框 占位词='搜索' box=(61, 36, 326, 68)
2026-06-07 17:42:05 [wxAutoControl] [DEBUG] [visual.py:628]  搜索框候选点击点 来源=ocr:search-box 区域=(50, 5, 400, 70) 候选点=[(172, 53), (214, 53), (135, 53)]
2026-06-07 17:42:05 [wxAutoControl] [DEBUG] [visual.py:305]  VisualWeixinWindow._resolve_abs_point source=client-origin rel=(172, 53) abs=(551, 308)
2026-06-07 17:42:05 [wxAutoControl] [DEBUG] [visual.py:827]  尝试聚焦搜索框 attempt=1 candidate=0 point=(172, 53) focused=True action=单击后直接认为已聚焦
2026-06-07 17:42:07 [wxAutoControl] [DEBUG] [visual.py:450]  VisualWeixinWindow.read_search_text normalized='搜索开干(19)' raw_boxes=['搜索', '开干(19)']
2026-06-07 17:42:07 [wxAutoControl] [DEBUG] [visual.py:872]  开始写入搜索内容 attempt=1 当前文本='搜索开干(19)' 目标文本='13789625468' 聚焦点=(172, 53)
2026-06-07 17:42:08 [wxAutoControl] [DEBUG] [visual.py:450]  VisualWeixinWindow.read_search_text normalized='：搜索开干(19)' raw_boxes=['Q：', '搜索', '开干(19)']
2026-06-07 17:42:08 [wxAutoControl] [DEBUG] [visual.py:305]  VisualWeixinWindow._resolve_abs_point source=client-origin rel=(384, 37) abs=(763, 292)
2026-06-07 17:42:09 [wxAutoControl] [DEBUG] [visual.py:450]  VisualWeixinWindow.read_search_text normalized='搜索开干(19)' raw_boxes=['搜索', '开干(19)']
2026-06-07 17:42:09 [wxAutoControl] [DEBUG] [visual.py:305]  VisualWeixinWindow._resolve_abs_point source=client-origin rel=(172, 53) abs=(551, 308)
2026-06-07 17:44:38 [wxAutoControl] [DEBUG] [client.py:108]  添加好友开始 手机号='13789625468'
2026-06-07 17:44:38 [wxAutoControl] [DEBUG] [client.py:129]  开始从全局搜索打开添加朋友窗口
2026-06-07 17:44:38 [wxAutoControl] [DEBUG] [visual.py:908]  开始执行全局搜索添加好友 手机号='13789625468' 重试次数=3 窗口模式=固定尺寸:1000x700
2026-06-07 17:44:39 [wxAutoControl] [DEBUG] [visual.py:357]  VisualWeixinWindow.normalize_main_window source=already-normalized size=1000x700
2026-06-07 17:44:39 [wxAutoControl] [DEBUG] [visual.py:381]  VisualWeixinWindow.screenshot first capture hwnd=264340 size=1000x700 cost=0.017s
2026-06-07 17:44:39 [wxAutoControl] [DEBUG] [visual.py:395]  VisualWeixinWindow._get_ocr init start
2026-06-07 17:44:39 [wxAutoControl] [DEBUG] [visual.py:397]  VisualWeixinWindow._get_ocr init done cost=0.486s
2026-06-07 17:44:41 [wxAutoControl] [DEBUG] [visual.py:410]  VisualWeixinWindow.ocr_texts first OCR call cost=2.684s
2026-06-07 17:44:41 [wxAutoControl] [DEBUG] [visual.py:651]  在搜索区域识别到占位词 text='搜索' box=(50, 44, 77, 58)
2026-06-07 17:44:41 [wxAutoControl] [DEBUG] [visual.py:712]  搜索占位词已可见，跳过切换到聊天页
2026-06-07 17:44:43 [wxAutoControl] [DEBUG] [visual.py:651]  在搜索区域识别到占位词 text='搜索' box=(50, 44, 77, 58)
2026-06-07 17:44:43 [wxAutoControl] [DEBUG] [visual.py:560]  已根据 OCR 识别到搜索框 占位词='搜索' box=(61, 36, 326, 68)
2026-06-07 17:44:44 [wxAutoControl] [DEBUG] [visual.py:651]  在搜索区域识别到占位词 text='搜索' box=(50, 44, 77, 58)
2026-06-07 17:44:44 [wxAutoControl] [DEBUG] [visual.py:560]  已根据 OCR 识别到搜索框 占位词='搜索' box=(61, 36, 326, 68)
2026-06-07 17:44:44 [wxAutoControl] [DEBUG] [visual.py:628]  搜索框候选点击点 来源=ocr:search-box 区域=(50, 5, 400, 70) 候选点=[(172, 53), (214, 53), (135, 53)]
2026-06-07 17:44:44 [wxAutoControl] [DEBUG] [visual.py:305]  VisualWeixinWindow._resolve_abs_point source=client-origin rel=(172, 53) abs=(551, 308)
2026-06-07 17:44:45 [wxAutoControl] [DEBUG] [visual.py:827]  尝试聚焦搜索框 attempt=1 candidate=0 point=(172, 53) focused=True action=单击后直接认为已聚焦
2026-06-07 17:44:46 [wxAutoControl] [DEBUG] [visual.py:450]  VisualWeixinWindow.read_search_text normalized='搜索开干(19)' raw_boxes=['搜索', '开干(19)']
2026-06-07 17:44:46 [wxAutoControl] [DEBUG] [visual.py:864]  开始写入搜索内容 attempt=1 当前文本='搜索开干(19)' 目标文本='13789625468' 聚焦点=(172, 53)
2026-06-07 17:44:46 [wxAutoControl] [DEBUG] [visual.py:305]  VisualWeixinWindow._resolve_abs_point source=client-origin rel=(172, 53) abs=(551, 308)
2026-06-07 17:44:48 [wxAutoControl] [DEBUG] [visual.py:450]  VisualWeixinWindow.read_search_text normalized='搜索开干(19)' raw_boxes=['搜索', '开干(19)']
2026-06-07 17:44:48 [wxAutoControl] [DEBUG] [visual.py:869]  清空搜索框后文本 attempt=1 value='搜索开干(19)'
2026-06-07 17:44:48 [wxAutoControl] [DEBUG] [visual.py:305]  VisualWeixinWindow._resolve_abs_point source=client-origin rel=(172, 53) abs=(551, 308)
2026-06-07 17:44:50 [wxAutoControl] [DEBUG] [visual.py:450]  VisualWeixinWindow.read_search_text normalized='13789625468开干(19)' raw_boxes=['13789625468', '开干(19)']
2026-06-07 17:44:50 [wxAutoControl] [DEBUG] [visual.py:877]  写入搜索框后的实际文本 attempt=1 value='13789625468开干(19)'
2026-06-07 17:44:54 [wxAutoControl] [DEBUG] [visual.py:533]  未识别到搜索占位词，无法根据 OCR 推导搜索框
2026-06-07 17:44:58 [wxAutoControl] [DEBUG] [visual.py:533]  未识别到搜索占位词，无法根据 OCR 推导搜索框
2026-06-07 17:45:01 [wxAutoControl] [DEBUG] [visual.py:628]  搜索框候选点击点 来源=heuristic 区域=(50, 5, 400, 70) 候选点=[(169, 37), (218, 37), (260, 37)]
2026-06-07 17:45:01 [wxAutoControl] [DEBUG] [visual.py:305]  VisualWeixinWindow._resolve_abs_point source=client-origin rel=(169, 37) abs=(548, 292)
2026-06-07 17:45:01 [wxAutoControl] [DEBUG] [visual.py:827]  尝试聚焦搜索框 attempt=2 candidate=0 point=(169, 37) focused=True action=单击后直接认为已聚焦
2026-06-07 17:45:02 [wxAutoControl] [DEBUG] [visual.py:450]  VisualWeixinWindow.read_search_text normalized='搜索开干(19)' raw_boxes=['搜索', '开干(19)']
2026-06-07 17:45:02 [wxAutoControl] [DEBUG] [visual.py:864]  开始写入搜索内容 attempt=2 当前文本='搜索开干(19)' 目标文本='13789625468' 聚焦点=(169, 37)
2026-06-07 17:45:02 [wxAutoControl] [DEBUG] [visual.py:305]  VisualWeixinWindow._resolve_abs_point source=client-origin rel=(169, 37) abs=(548, 292)
2026-06-07 17:45:04 [wxAutoControl] [DEBUG] [visual.py:450]  VisualWeixinWindow.read_search_text normalized='搜索开干(19)' raw_boxes=['搜索', '开干(19)']
2026-06-07 17:45:04 [wxAutoControl] [DEBUG] [visual.py:869]  清空搜索框后文本 attempt=2 value='搜索开干(19)'
2026-06-07 17:45:04 [wxAutoControl] [DEBUG] [visual.py:305]  VisualWeixinWindow._resolve_abs_point source=client-origin rel=(169, 37) abs=(548, 292)
2026-06-07 17:45:06 [wxAutoControl] [DEBUG] [visual.py:450]  VisualWeixinWindow.read_search_text normalized='搜索开干(19)' raw_boxes=['搜索', '开干(19)']
2026-06-07 17:45:06 [wxAutoControl] [DEBUG] [visual.py:877]  写入搜索框后的实际文本 attempt=2 value='搜索开干(19)'
2026-06-07 17:45:10 [wxAutoControl] [DEBUG] [visual.py:533]  未识别到搜索占位词，无法根据 OCR 推导搜索框
2026-06-07 17:45:14 [wxAutoControl] [DEBUG] [visual.py:533]  未识别到搜索占位词，无法根据 OCR 推导搜索框
2026-06-07 17:45:17 [wxAutoControl] [DEBUG] [visual.py:628]  搜索框候选点击点 来源=heuristic 区域=(50, 5, 400, 70) 候选点=[(169, 37), (218, 37), (260, 37)]
2026-06-07 17:45:17 [wxAutoControl] [DEBUG] [visual.py:305]  VisualWeixinWindow._resolve_abs_point source=client-origin rel=(169, 37) abs=(548, 292)
2026-06-07 17:45:18 [wxAutoControl] [DEBUG] [visual.py:827]  尝试聚焦搜索框 attempt=3 candidate=0 point=(169, 37) focused=True action=单击后直接认为已聚焦
2026-06-07 17:45:19 [wxAutoControl] [DEBUG] [visual.py:450]  VisualWeixinWindow.read_search_text normalized='搜索开干(19)' raw_boxes=['搜索', '开干(19)']
2026-06-07 17:45:19 [wxAutoControl] [DEBUG] [visual.py:864]  开始写入搜索内容 attempt=3 当前文本='搜索开干(19)' 目标文本='13789625468' 聚焦点=(169, 37)
2026-06-07 17:45:19 [wxAutoControl] [DEBUG] [visual.py:305]  VisualWeixinWindow._resolve_abs_point source=client-origin rel=(169, 37) abs=(548, 292)
2026-06-07 17:45:21 [wxAutoControl] [DEBUG] [visual.py:450]  VisualWeixinWindow.read_search_text normalized='搜索开干(19)' raw_boxes=['搜索', '开干(19)']
2026-06-07 17:45:21 [wxAutoControl] [DEBUG] [visual.py:869]  清空搜索框后文本 attempt=3 value='搜索开干(19)'
2026-06-07 17:45:21 [wxAutoControl] [DEBUG] [visual.py:305]  VisualWeixinWindow._resolve_abs_point source=client-origin rel=(169, 37) abs=(548, 292)
2026-06-07 17:45:32 [wxAutoControl] [DEBUG] [client.py:108]  添加好友开始 手机号='13789625468'
2026-06-07 17:45:32 [wxAutoControl] [DEBUG] [client.py:129]  开始从全局搜索打开添加朋友窗口
2026-06-07 17:45:32 [wxAutoControl] [DEBUG] [visual.py:908]  开始执行全局搜索添加好友 手机号='13789625468' 重试次数=3 窗口模式=固定尺寸:1000x700
2026-06-07 17:45:32 [wxAutoControl] [DEBUG] [visual.py:357]  VisualWeixinWindow.normalize_main_window source=already-normalized size=1000x700
2026-06-07 17:45:32 [wxAutoControl] [DEBUG] [visual.py:381]  VisualWeixinWindow.screenshot first capture hwnd=264340 size=1000x700 cost=0.013s
2026-06-07 17:45:32 [wxAutoControl] [DEBUG] [visual.py:395]  VisualWeixinWindow._get_ocr init start
2026-06-07 17:45:33 [wxAutoControl] [DEBUG] [visual.py:397]  VisualWeixinWindow._get_ocr init done cost=0.480s
2026-06-07 17:45:35 [wxAutoControl] [DEBUG] [visual.py:410]  VisualWeixinWindow.ocr_texts first OCR call cost=2.651s
2026-06-07 17:45:35 [wxAutoControl] [DEBUG] [visual.py:651]  在搜索区域识别到占位词 text='搜索' box=(50, 44, 77, 58)
2026-06-07 17:45:35 [wxAutoControl] [DEBUG] [visual.py:712]  搜索占位词已可见，跳过切换到聊天页
2026-06-07 17:45:36 [wxAutoControl] [DEBUG] [visual.py:651]  在搜索区域识别到占位词 text='搜索' box=(50, 44, 77, 58)
2026-06-07 17:45:37 [wxAutoControl] [DEBUG] [visual.py:560]  已根据 OCR 识别到搜索框 占位词='搜索' box=(61, 36, 326, 68)
2026-06-07 17:45:38 [wxAutoControl] [DEBUG] [visual.py:651]  在搜索区域识别到占位词 text='搜索' box=(50, 44, 77, 58)
2026-06-07 17:45:38 [wxAutoControl] [DEBUG] [visual.py:560]  已根据 OCR 识别到搜索框 占位词='搜索' box=(61, 36, 326, 68)
2026-06-07 17:45:38 [wxAutoControl] [DEBUG] [visual.py:628]  搜索框候选点击点 来源=ocr:search-box 区域=(50, 5, 400, 70) 候选点=[(172, 53), (214, 53), (135, 53)]
2026-06-07 17:45:38 [wxAutoControl] [DEBUG] [visual.py:305]  VisualWeixinWindow._resolve_abs_point source=client-origin rel=(172, 53) abs=(551, 308)
2026-06-07 17:45:38 [wxAutoControl] [DEBUG] [visual.py:827]  尝试聚焦搜索框 attempt=1 candidate=0 point=(172, 53) focused=True action=单击后直接认为已聚焦
2026-06-07 17:45:40 [wxAutoControl] [DEBUG] [visual.py:450]  VisualWeixinWindow.read_search_text normalized='搜索开干(19)' raw_boxes=['搜索', '开干(19)']
2026-06-07 17:45:40 [wxAutoControl] [DEBUG] [visual.py:864]  开始写入搜索内容 attempt=1 当前文本='搜索开干(19)' 目标文本='13789625468' 聚焦点=(172, 53)
2026-06-07 17:45:40 [wxAutoControl] [DEBUG] [visual.py:305]  VisualWeixinWindow._resolve_abs_point source=client-origin rel=(172, 53) abs=(551, 308)
2026-06-07 17:45:42 [wxAutoControl] [DEBUG] [visual.py:450]  VisualWeixinWindow.read_search_text normalized='搜索开干(19)' raw_boxes=['搜索', '开干(19)']
2026-06-07 17:45:42 [wxAutoControl] [DEBUG] [visual.py:869]  清空搜索框后文本 attempt=1 value='搜索开干(19)'
2026-06-07 17:45:42 [wxAutoControl] [DEBUG] [visual.py:305]  VisualWeixinWindow._resolve_abs_point source=client-origin rel=(172, 53) abs=(551, 308)
2026-06-07 17:45:44 [wxAutoControl] [DEBUG] [visual.py:450]  VisualWeixinWindow.read_search_text normalized='13789625468开干(19)' raw_boxes=['13789625468', '开干(19)']
2026-06-07 17:45:44 [wxAutoControl] [DEBUG] [visual.py:877]  写入搜索框后的实际文本 attempt=1 value='13789625468开干(19)'
2026-06-07 17:45:48 [wxAutoControl] [DEBUG] [visual.py:533]  未识别到搜索占位词，无法根据 OCR 推导搜索框
2026-06-07 17:45:52 [wxAutoControl] [DEBUG] [visual.py:533]  未识别到搜索占位词，无法根据 OCR 推导搜索框
2026-06-07 17:45:55 [wxAutoControl] [DEBUG] [visual.py:628]  搜索框候选点击点 来源=heuristic 区域=(50, 5, 400, 70) 候选点=[(169, 37), (218, 37), (260, 37)]
2026-06-07 17:45:55 [wxAutoControl] [DEBUG] [visual.py:305]  VisualWeixinWindow._resolve_abs_point source=client-origin rel=(169, 37) abs=(548, 292)
2026-06-07 17:45:55 [wxAutoControl] [DEBUG] [visual.py:827]  尝试聚焦搜索框 attempt=2 candidate=0 point=(169, 37) focused=True action=单击后直接认为已聚焦
2026-06-07 17:50:45 [wxAutoControl] [DEBUG] [client.py:108]  添加好友开始 手机号='13789625468'
2026-06-07 17:50:45 [wxAutoControl] [DEBUG] [client.py:129]  开始从全局搜索打开添加朋友窗口
2026-06-07 17:50:45 [wxAutoControl] [DEBUG] [visual.py:915]  开始执行全局搜索添加好友 手机号='13789625468' 重试次数=3 窗口模式=固定尺寸:1000x700
2026-06-07 17:50:45 [wxAutoControl] [DEBUG] [visual.py:338]  VisualWeixinWindow.activate: restoring minimized window
2026-06-07 17:50:45 [wxAutoControl] [DEBUG] [visual.py:357]  VisualWeixinWindow.normalize_main_window source=already-normalized size=1000x700
2026-06-07 17:50:45 [wxAutoControl] [DEBUG] [visual.py:381]  VisualWeixinWindow.screenshot first capture hwnd=264340 size=1000x700 cost=0.027s
2026-06-07 17:50:45 [wxAutoControl] [DEBUG] [visual.py:395]  VisualWeixinWindow._get_ocr init start
2026-06-07 17:50:46 [wxAutoControl] [DEBUG] [visual.py:397]  VisualWeixinWindow._get_ocr init done cost=0.519s
2026-06-07 17:50:51 [wxAutoControl] [DEBUG] [visual.py:410]  VisualWeixinWindow.ocr_texts first OCR call cost=5.134s
2026-06-07 17:50:51 [wxAutoControl] [DEBUG] [visual.py:651]  在搜索区域识别到占位词 text='搜索' box=(50, 44, 77, 58)
2026-06-07 17:50:51 [wxAutoControl] [DEBUG] [visual.py:712]  搜索占位词已可见，跳过切换到聊天页
2026-06-07 17:50:54 [wxAutoControl] [DEBUG] [visual.py:651]  在搜索区域识别到占位词 text='搜索' box=(50, 44, 77, 58)
2026-06-07 17:50:54 [wxAutoControl] [DEBUG] [visual.py:560]  已根据 OCR 识别到搜索框 占位词='搜索' box=(61, 36, 326, 68)
2026-06-07 17:50:58 [wxAutoControl] [DEBUG] [visual.py:651]  在搜索区域识别到占位词 text='搜索' box=(50, 44, 77, 58)
2026-06-07 17:50:58 [wxAutoControl] [DEBUG] [visual.py:560]  已根据 OCR 识别到搜索框 占位词='搜索' box=(61, 36, 326, 68)
2026-06-07 17:50:58 [wxAutoControl] [DEBUG] [visual.py:628]  搜索框候选点击点 来源=ocr:search-box 区域=(50, 5, 400, 70) 候选点=[(172, 53), (214, 53), (135, 53)]
2026-06-07 17:50:58 [wxAutoControl] [DEBUG] [visual.py:305]  VisualWeixinWindow._resolve_abs_point source=client-origin rel=(172, 53) abs=(551, 308)
2026-06-07 17:50:58 [wxAutoControl] [DEBUG] [visual.py:827]  尝试聚焦搜索框 attempt=1 candidate=0 point=(172, 53) focused=True action=单击后直接认为已聚焦
2026-06-07 17:51:01 [wxAutoControl] [DEBUG] [visual.py:450]  VisualWeixinWindow.read_search_text normalized='搜索开干(19)' raw_boxes=['搜索', '开干(19)']
2026-06-07 17:51:01 [wxAutoControl] [DEBUG] [visual.py:864]  开始写入搜索内容 attempt=1 当前文本='搜索开干(19)' 目标文本='13789625468' 聚焦点=(172, 53)
2026-06-07 17:51:01 [wxAutoControl] [DEBUG] [visual.py:305]  VisualWeixinWindow._resolve_abs_point source=client-origin rel=(172, 53) abs=(551, 308)
2026-06-07 17:51:05 [wxAutoControl] [DEBUG] [visual.py:450]  VisualWeixinWindow.read_search_text normalized='搜索开干(19)' raw_boxes=['搜索', '开干(19)']
2026-06-07 17:51:05 [wxAutoControl] [DEBUG] [visual.py:869]  清空搜索框后文本 attempt=1 value='搜索开干(19)'
2026-06-07 17:51:09 [wxAutoControl] [DEBUG] [visual.py:450]  VisualWeixinWindow.read_search_text normalized='13789625468开干(19)' raw_boxes=['13789625468', '开干(19)']
2026-06-07 17:51:09 [wxAutoControl] [DEBUG] [visual.py:876]  写入搜索框后的实际文本 attempt=1 value='13789625468开干(19)'
2026-06-07 17:51:09 [wxAutoControl] [DEBUG] [visual.py:881]  搜索框文本已包含目标手机号 attempt=1 normalized_actual='13789625468开干(19)'
2026-06-07 17:51:12 [wxAutoControl] [DEBUG] [visual.py:450]  VisualWeixinWindow.read_search_text normalized='13789625468开干(19)' raw_boxes=['13789625468', '开干(19)']
2026-06-07 17:51:12 [wxAutoControl] [DEBUG] [visual.py:925]  搜索框写入完成 成功=True 当前文本='13789625468开干(19)'
2026-06-07 17:51:12 [wxAutoControl] [DEBUG] [visual.py:933]  检查全局搜索下拉结果 attempt=1 是否找到下拉窗=True
2026-06-07 17:51:12 [wxAutoControl] [DEBUG] [visual.py:381]  VisualWeixinWindow.screenshot first capture hwnd=264796 size=368x464 cost=0.013s
2026-06-07 17:51:12 [wxAutoControl] [DEBUG] [visual.py:395]  VisualWeixinWindow._get_ocr init start
2026-06-07 17:51:12 [wxAutoControl] [DEBUG] [visual.py:397]  VisualWeixinWindow._get_ocr init done cost=0.647s
2026-06-07 17:51:20 [wxAutoControl] [DEBUG] [visual.py:410]  VisualWeixinWindow.ocr_texts first OCR call cost=7.964s
2026-06-07 17:51:22 [wxAutoControl] [DEBUG] [visual.py:947]  分析全局搜索结果 attempt=1 目标入口=OCRTextBox(text='网络查找手机/QQ号：13789625468', score=0.9942494928836823, left=80, top=335, right=311, bottom=350) 下拉文本=['聊天记录', '没有昵称', '05/30', '13789625468', '【售楼部】禧瑞礼洋房沟通群', '2023/12/25', '.3113789625468重庆市北碚区中山公园村', '渝北租房找我17726682534', '2023/04/07', '消潇君俏13789625468', '查看全部（4）', '更多', '网络查找手机/QQ号：13789625468', '搜索网络结果', '13789625468']
2026-06-07 17:51:22 [wxAutoControl] [DEBUG] [visual.py:952]  点击网络查找入口 attempt=1 text='网络查找手机/QQ号：13789625468'
2026-06-07 17:51:22 [wxAutoControl] [DEBUG] [visual.py:305]  VisualWeixinWindow._resolve_abs_point source=client-origin rel=(195, 342) abs=(622, 660)
2026-06-07 17:51:23 [wxAutoControl] [DEBUG] [client.py:131]  全局搜索打开添加朋友窗口结果=True
2026-06-07 17:51:23 [wxAutoControl] [DEBUG] [client.py:139]  是否找到添加朋友窗口=True
2026-06-07 17:51:23 [wxAutoControl] [DEBUG] [visual.py:381]  VisualWeixinWindow.screenshot first capture hwnd=723848 size=344x710 cost=0.011s
2026-06-07 17:51:23 [wxAutoControl] [DEBUG] [visual.py:395]  VisualWeixinWindow._get_ocr init start
2026-06-07 17:51:24 [wxAutoControl] [DEBUG] [visual.py:397]  VisualWeixinWindow._get_ocr init done cost=0.579s
2026-06-07 18:06:37 [wxAutoControl] [DEBUG] [client.py:108]  添加好友开始 手机号='13789625468'
2026-06-07 18:06:37 [wxAutoControl] [DEBUG] [client.py:129]  开始从全局搜索打开添加朋友窗口
2026-06-07 18:06:37 [wxAutoControl] [DEBUG] [visual.py:915]  开始执行全局搜索添加好友 手机号='13789625468' 重试次数=3 窗口模式=固定尺寸:1000x700
2026-06-07 18:06:38 [wxAutoControl] [DEBUG] [visual.py:362]  VisualWeixinWindow.normalize_main_window source=resize from=756x735 to=1000x700
2026-06-07 18:06:38 [wxAutoControl] [DEBUG] [visual.py:369]  VisualWeixinWindow.normalize_main_window source=resize-done size=721x700
2026-06-07 18:06:38 [wxAutoControl] [DEBUG] [visual.py:381]  VisualWeixinWindow.screenshot first capture hwnd=330790 size=721x700 cost=0.022s
2026-06-07 18:06:38 [wxAutoControl] [DEBUG] [visual.py:395]  VisualWeixinWindow._get_ocr init start
2026-06-07 18:06:39 [wxAutoControl] [DEBUG] [visual.py:397]  VisualWeixinWindow._get_ocr init done cost=0.798s
2026-06-07 18:06:52 [wxAutoControl] [DEBUG] [client.py:108]  添加好友开始 手机号='13789625468'
2026-06-07 18:06:52 [wxAutoControl] [DEBUG] [client.py:129]  开始从全局搜索打开添加朋友窗口
2026-06-07 18:06:52 [wxAutoControl] [DEBUG] [visual.py:915]  开始执行全局搜索添加好友 手机号='13789625468' 重试次数=3 窗口模式=固定尺寸:1000x700
2026-06-07 18:06:53 [wxAutoControl] [DEBUG] [visual.py:357]  VisualWeixinWindow.normalize_main_window source=already-normalized size=1000x700
2026-06-07 18:06:53 [wxAutoControl] [DEBUG] [visual.py:381]  VisualWeixinWindow.screenshot first capture hwnd=264340 size=1000x700 cost=0.018s
2026-06-07 18:06:53 [wxAutoControl] [DEBUG] [visual.py:395]  VisualWeixinWindow._get_ocr init start
2026-06-07 18:06:53 [wxAutoControl] [DEBUG] [visual.py:397]  VisualWeixinWindow._get_ocr init done cost=0.690s
2026-06-07 18:06:58 [wxAutoControl] [DEBUG] [visual.py:410]  VisualWeixinWindow.ocr_texts first OCR call cost=5.392s
2026-06-07 18:06:58 [wxAutoControl] [DEBUG] [visual.py:651]  在搜索区域识别到占位词 text='搜索' box=(50, 44, 77, 58)
2026-06-07 18:06:58 [wxAutoControl] [DEBUG] [visual.py:712]  搜索占位词已可见，跳过切换到聊天页
2026-06-07 18:07:00 [wxAutoControl] [DEBUG] [visual.py:651]  在搜索区域识别到占位词 text='搜索' box=(50, 44, 77, 58)
2026-06-07 18:07:01 [wxAutoControl] [DEBUG] [visual.py:560]  已根据 OCR 识别到搜索框 占位词='搜索' box=(61, 36, 326, 68)
2026-06-07 18:07:03 [wxAutoControl] [DEBUG] [visual.py:651]  在搜索区域识别到占位词 text='搜索' box=(50, 44, 77, 58)
2026-06-07 18:07:03 [wxAutoControl] [DEBUG] [visual.py:560]  已根据 OCR 识别到搜索框 占位词='搜索' box=(61, 36, 326, 68)
2026-06-07 18:07:03 [wxAutoControl] [DEBUG] [visual.py:628]  搜索框候选点击点 来源=ocr:search-box 区域=(50, 5, 400, 70) 候选点=[(172, 53), (214, 53), (135, 53)]
2026-06-07 18:07:03 [wxAutoControl] [DEBUG] [visual.py:305]  VisualWeixinWindow._resolve_abs_point source=client-origin rel=(172, 53) abs=(395, 413)
2026-06-07 18:07:03 [wxAutoControl] [DEBUG] [visual.py:827]  尝试聚焦搜索框 attempt=1 candidate=0 point=(172, 53) focused=True action=单击后直接认为已聚焦
2026-06-07 18:07:05 [wxAutoControl] [DEBUG] [visual.py:450]  VisualWeixinWindow.read_search_text normalized='搜索开干(19)' raw_boxes=['搜索', '开干(19)']
2026-06-07 18:07:05 [wxAutoControl] [DEBUG] [visual.py:864]  开始写入搜索内容 attempt=1 当前文本='搜索开干(19)' 目标文本='13789625468' 聚焦点=(172, 53)
2026-06-07 18:07:05 [wxAutoControl] [DEBUG] [visual.py:305]  VisualWeixinWindow._resolve_abs_point source=client-origin rel=(172, 53) abs=(395, 413)
2026-06-07 18:07:08 [wxAutoControl] [DEBUG] [visual.py:450]  VisualWeixinWindow.read_search_text normalized='搜索O首创禧瑞礼' raw_boxes=['搜索', 'O', '首创禧瑞礼']
2026-06-07 18:07:08 [wxAutoControl] [DEBUG] [visual.py:869]  清空搜索框后文本 attempt=1 value='搜索O首创禧瑞礼'
2026-06-07 18:07:10 [wxAutoControl] [DEBUG] [visual.py:450]  VisualWeixinWindow.read_search_text normalized='13789625468首创禧瑞礼' raw_boxes=['13789625468', '首创禧瑞礼']
2026-06-07 18:07:10 [wxAutoControl] [DEBUG] [visual.py:876]  写入搜索框后的实际文本 attempt=1 value='13789625468首创禧瑞礼'
2026-06-07 18:07:10 [wxAutoControl] [DEBUG] [visual.py:881]  搜索框文本已包含目标手机号 attempt=1 normalized_actual='13789625468首创禧瑞礼'
2026-06-07 18:07:12 [wxAutoControl] [DEBUG] [visual.py:450]  VisualWeixinWindow.read_search_text normalized='13789625468首创禧瑞礼' raw_boxes=['13789625468', '首创禧瑞礼']
2026-06-07 18:07:12 [wxAutoControl] [DEBUG] [visual.py:925]  搜索框写入完成 成功=True 当前文本='13789625468首创禧瑞礼'
2026-06-07 18:07:12 [wxAutoControl] [DEBUG] [visual.py:933]  检查全局搜索下拉结果 attempt=1 是否找到下拉窗=True
2026-06-07 18:07:12 [wxAutoControl] [DEBUG] [visual.py:381]  VisualWeixinWindow.screenshot first capture hwnd=854500 size=368x464 cost=0.022s
2026-06-07 18:07:12 [wxAutoControl] [DEBUG] [visual.py:395]  VisualWeixinWindow._get_ocr init start
2026-06-07 18:07:13 [wxAutoControl] [DEBUG] [visual.py:397]  VisualWeixinWindow._get_ocr init done cost=0.686s
2026-06-07 18:07:16 [wxAutoControl] [DEBUG] [visual.py:410]  VisualWeixinWindow.ocr_texts first OCR call cost=3.753s
2026-06-07 18:07:18 [wxAutoControl] [DEBUG] [visual.py:947]  分析全局搜索结果 attempt=1 目标入口=OCRTextBox(text='网络查找手机/QQ号：13789625468', score=0.9942494928836823, left=80, top=335, right=311, bottom=350) 下拉文本=['聊天记录', '没有昵称', '05/30', '13789625468', '【售楼部】禧瑞礼洋房沟通群', '2023/12/25', '.3113789625468重庆市北碚区中山公园村', '渝北租房找我17726682534', '2023/04/07', '消潇君俏13789625468', '查看全部（4）', '更多', '网络查找手机/QQ号：13789625468', '搜索网络结果', '13789625468']
2026-06-07 18:07:18 [wxAutoControl] [DEBUG] [visual.py:952]  点击网络查找入口 attempt=1 text='网络查找手机/QQ号：13789625468'
2026-06-07 18:07:18 [wxAutoControl] [DEBUG] [visual.py:305]  VisualWeixinWindow._resolve_abs_point source=client-origin rel=(195, 342) abs=(466, 765)
2026-06-07 18:07:19 [wxAutoControl] [DEBUG] [client.py:131]  全局搜索打开添加朋友窗口结果=True
2026-06-07 18:07:19 [wxAutoControl] [DEBUG] [client.py:139]  是否找到添加朋友窗口=True
2026-06-07 18:07:19 [wxAutoControl] [DEBUG] [visual.py:381]  VisualWeixinWindow.screenshot first capture hwnd=1117022 size=344x728 cost=0.016s
2026-06-07 18:07:19 [wxAutoControl] [DEBUG] [visual.py:395]  VisualWeixinWindow._get_ocr init start
2026-06-07 18:07:20 [wxAutoControl] [DEBUG] [visual.py:397]  VisualWeixinWindow._get_ocr init done cost=0.672s
2026-06-07 18:07:38 [wxAutoControl] [DEBUG] [client.py:108]  添加好友开始 手机号='13789625468'
2026-06-07 18:07:38 [wxAutoControl] [DEBUG] [client.py:129]  开始从全局搜索打开添加朋友窗口
2026-06-07 18:07:38 [wxAutoControl] [DEBUG] [visual.py:915]  开始执行全局搜索添加好友 手机号='13789625468' 重试次数=3 窗口模式=固定尺寸:1000x700
2026-06-07 18:07:39 [wxAutoControl] [DEBUG] [visual.py:357]  VisualWeixinWindow.normalize_main_window source=already-normalized size=1000x700
2026-06-07 18:07:39 [wxAutoControl] [DEBUG] [visual.py:381]  VisualWeixinWindow.screenshot first capture hwnd=264340 size=1000x700 cost=0.020s
2026-06-07 18:07:39 [wxAutoControl] [DEBUG] [visual.py:395]  VisualWeixinWindow._get_ocr init start
2026-06-07 18:07:40 [wxAutoControl] [DEBUG] [visual.py:397]  VisualWeixinWindow._get_ocr init done cost=0.700s
2026-06-07 18:07:43 [wxAutoControl] [DEBUG] [visual.py:410]  VisualWeixinWindow.ocr_texts first OCR call cost=4.556s
2026-06-07 18:07:43 [wxAutoControl] [DEBUG] [visual.py:651]  在搜索区域识别到占位词 text='搜索' box=(51, 45, 77, 58)
2026-06-07 18:07:43 [wxAutoControl] [DEBUG] [visual.py:712]  搜索占位词已可见，跳过切换到聊天页
2026-06-07 18:07:46 [wxAutoControl] [DEBUG] [visual.py:651]  在搜索区域识别到占位词 text='搜索' box=(51, 45, 77, 58)
2026-06-07 18:07:46 [wxAutoControl] [DEBUG] [visual.py:560]  已根据 OCR 识别到搜索框 占位词='搜索' box=(61, 37, 326, 68)
2026-06-07 18:07:49 [wxAutoControl] [DEBUG] [visual.py:651]  在搜索区域识别到占位词 text='搜索' box=(51, 45, 77, 58)
2026-06-07 18:07:49 [wxAutoControl] [DEBUG] [visual.py:560]  已根据 OCR 识别到搜索框 占位词='搜索' box=(61, 37, 326, 68)
2026-06-07 18:07:49 [wxAutoControl] [DEBUG] [visual.py:628]  搜索框候选点击点 来源=ocr:search-box 区域=(50, 5, 400, 70) 候选点=[(172, 54), (214, 54), (135, 54)]
2026-06-07 18:07:49 [wxAutoControl] [DEBUG] [visual.py:305]  VisualWeixinWindow._resolve_abs_point source=client-origin rel=(172, 54) abs=(395, 414)
2026-06-07 18:07:49 [wxAutoControl] [DEBUG] [visual.py:827]  尝试聚焦搜索框 attempt=1 candidate=0 point=(172, 54) focused=True action=单击后直接认为已聚焦
2026-06-07 18:07:52 [wxAutoControl] [DEBUG] [visual.py:450]  VisualWeixinWindow.read_search_text normalized='搜索O首创禧瑞礼' raw_boxes=['搜索', 'O', '首创禧瑞礼']
2026-06-07 18:07:52 [wxAutoControl] [DEBUG] [visual.py:864]  开始写入搜索内容 attempt=1 当前文本='搜索O首创禧瑞礼' 目标文本='13789625468' 聚焦点=(172, 54)
2026-06-07 18:07:52 [wxAutoControl] [DEBUG] [visual.py:305]  VisualWeixinWindow._resolve_abs_point source=client-origin rel=(172, 54) abs=(395, 414)
2026-06-07 18:07:55 [wxAutoControl] [DEBUG] [visual.py:450]  VisualWeixinWindow.read_search_text normalized='搜索O首创禧瑞礼' raw_boxes=['搜索', 'O', '首创禧瑞礼']
2026-06-07 18:07:55 [wxAutoControl] [DEBUG] [visual.py:869]  清空搜索框后文本 attempt=1 value='搜索O首创禧瑞礼'
2026-06-07 18:07:58 [wxAutoControl] [DEBUG] [visual.py:450]  VisualWeixinWindow.read_search_text normalized='13789625468首创禧瑞礼' raw_boxes=['13789625468', '首创禧瑞礼']
2026-06-07 18:07:58 [wxAutoControl] [DEBUG] [visual.py:876]  写入搜索框后的实际文本 attempt=1 value='13789625468首创禧瑞礼'
2026-06-07 18:07:58 [wxAutoControl] [DEBUG] [visual.py:881]  搜索框文本已包含目标手机号 attempt=1 normalized_actual='13789625468首创禧瑞礼'
2026-06-07 18:08:01 [wxAutoControl] [DEBUG] [visual.py:450]  VisualWeixinWindow.read_search_text normalized='13789625468首创禧瑞礼' raw_boxes=['13789625468', '首创禧瑞礼']
2026-06-07 18:08:01 [wxAutoControl] [DEBUG] [visual.py:925]  搜索框写入完成 成功=True 当前文本='13789625468首创禧瑞礼'
2026-06-07 18:08:01 [wxAutoControl] [DEBUG] [visual.py:933]  检查全局搜索下拉结果 attempt=1 是否找到下拉窗=True
2026-06-07 18:08:01 [wxAutoControl] [DEBUG] [visual.py:381]  VisualWeixinWindow.screenshot first capture hwnd=1313240 size=368x464 cost=0.011s
2026-06-07 18:08:01 [wxAutoControl] [DEBUG] [visual.py:395]  VisualWeixinWindow._get_ocr init start
2026-06-07 18:08:01 [wxAutoControl] [DEBUG] [visual.py:397]  VisualWeixinWindow._get_ocr init done cost=0.667s
2026-06-07 18:08:05 [wxAutoControl] [DEBUG] [visual.py:410]  VisualWeixinWindow.ocr_texts first OCR call cost=4.442s
2026-06-07 18:08:07 [wxAutoControl] [DEBUG] [visual.py:947]  分析全局搜索结果 attempt=1 目标入口=OCRTextBox(text='网络查找手机/QQ号：13789625468', score=0.9942494928836823, left=80, top=335, right=311, bottom=350) 下拉文本=['聊天记录', '没有昵称', '05/30', '13789625468', '【售楼部】禧瑞礼洋房沟通群', '2023/12/25', '.3113789625468重庆市北碚区中山公园村', '渝北租房找我17726682534', '2023/04/07', '消潇君俏13789625468', '查看全部（4）', '更多', '网络查找手机/QQ号：13789625468', '搜索网络结果', '13789625468']
2026-06-07 18:08:07 [wxAutoControl] [DEBUG] [visual.py:952]  点击网络查找入口 attempt=1 text='网络查找手机/QQ号：13789625468'
2026-06-07 18:08:07 [wxAutoControl] [DEBUG] [visual.py:305]  VisualWeixinWindow._resolve_abs_point source=client-origin rel=(195, 342) abs=(466, 765)
2026-06-07 18:08:08 [wxAutoControl] [DEBUG] [client.py:131]  全局搜索打开添加朋友窗口结果=True
2026-06-07 18:08:08 [wxAutoControl] [DEBUG] [client.py:139]  是否找到添加朋友窗口=True
2026-06-07 18:08:08 [wxAutoControl] [DEBUG] [visual.py:381]  VisualWeixinWindow.screenshot first capture hwnd=985572 size=344x728 cost=0.009s
2026-06-07 18:08:08 [wxAutoControl] [DEBUG] [visual.py:395]  VisualWeixinWindow._get_ocr init start
2026-06-07 18:08:09 [wxAutoControl] [DEBUG] [visual.py:397]  VisualWeixinWindow._get_ocr init done cost=0.661s
2026-06-07 18:08:12 [wxAutoControl] [DEBUG] [visual.py:410]  VisualWeixinWindow.ocr_texts first OCR call cost=3.843s
2026-06-07 18:08:16 [wxAutoControl] [DEBUG] [client.py:147]  添加朋友资料页状态=already_friend
2026-06-07 18:38:25 [wxAutoControl] [DEBUG] [client.py:108]  添加好友开始 手机号='13789625468'
2026-06-07 18:38:25 [wxAutoControl] [DEBUG] [client.py:129]  开始从全局搜索打开添加朋友窗口
2026-06-07 18:38:25 [wxAutoControl] [DEBUG] [visual.py:969]  开始执行全局搜索添加好友 手机号='13789625468' 重试次数=3 窗口模式=固定尺寸:1000x700
2026-06-07 18:38:25 [wxAutoControl] [DEBUG] [visual.py:391]  VisualWeixinWindow.normalize_main_window source=already-normalized size=1000x700
2026-06-07 18:38:25 [wxAutoControl] [DEBUG] [visual.py:415]  VisualWeixinWindow.screenshot first capture hwnd=264340 size=1000x700 cost=0.029s
2026-06-07 18:38:25 [wxAutoControl] [DEBUG] [visual.py:429]  VisualWeixinWindow._get_ocr init start
2026-06-07 18:38:26 [wxAutoControl] [DEBUG] [visual.py:431]  VisualWeixinWindow._get_ocr init done cost=0.721s
2026-06-07 18:38:30 [wxAutoControl] [DEBUG] [visual.py:444]  VisualWeixinWindow.ocr_texts first OCR call cost=4.649s
2026-06-07 18:38:30 [wxAutoControl] [DEBUG] [visual.py:685]  在搜索区域识别到占位词 text='搜索' box=(51, 45, 77, 58)
2026-06-07 18:38:30 [wxAutoControl] [DEBUG] [visual.py:752]  搜索占位词已可见，跳过切换到聊天页
2026-06-07 18:38:32 [wxAutoControl] [DEBUG] [visual.py:685]  在搜索区域识别到占位词 text='搜索' box=(51, 45, 77, 58)
2026-06-07 18:38:32 [wxAutoControl] [DEBUG] [visual.py:594]  已根据 OCR 识别到搜索框 占位词='搜索' box=(61, 37, 326, 68)
2026-06-07 18:38:32 [wxAutoControl] [DEBUG] [visual.py:207]  [locator] step=search.input source=cache:miss scope=VisualWeixinWindow:1000x700
2026-06-07 18:38:34 [wxAutoControl] [DEBUG] [visual.py:685]  在搜索区域识别到占位词 text='搜索' box=(51, 45, 77, 58)
2026-06-07 18:38:34 [wxAutoControl] [DEBUG] [visual.py:594]  已根据 OCR 识别到搜索框 占位词='搜索' box=(61, 37, 326, 68)
2026-06-07 18:38:34 [wxAutoControl] [DEBUG] [visual.py:662]  搜索框候选点击点 来源=ocr:search-box 区域=(50, 5, 400, 70) 候选点=[(172, 54), (214, 54), (135, 54)]
2026-06-07 18:38:34 [wxAutoControl] [DEBUG] [visual.py:339]  VisualWeixinWindow._resolve_abs_point source=client-origin rel=(172, 54) abs=(395, 414)
2026-06-07 18:38:34 [wxAutoControl] [DEBUG] [visual.py:880]  尝试聚焦搜索框 attempt=1 candidate=0 point=(172, 54) focused=True action=单击后直接认为已聚焦
2026-06-07 18:38:34 [wxAutoControl] [DEBUG] [visual.py:243]  [cache store] scope=VisualWeixinWindow:1000x700 step=search.input point=(172, 54) ratio=[0.172, 0.077143]
2026-06-07 18:38:37 [wxAutoControl] [DEBUG] [visual.py:484]  VisualWeixinWindow.read_search_text normalized='搜索O首创禧瑞礼' raw_boxes=['搜索', 'O', '首创禧瑞礼']
2026-06-07 18:38:37 [wxAutoControl] [DEBUG] [visual.py:918]  开始写入搜索内容 attempt=1 当前文本='搜索O首创禧瑞礼' 目标文本='13789625468' 聚焦点=(172, 54)
2026-06-07 18:38:37 [wxAutoControl] [DEBUG] [visual.py:339]  VisualWeixinWindow._resolve_abs_point source=client-origin rel=(172, 54) abs=(395, 414)
2026-06-07 18:38:39 [wxAutoControl] [DEBUG] [visual.py:484]  VisualWeixinWindow.read_search_text normalized='搜索O首创禧瑞礼' raw_boxes=['搜索', 'O', '首创禧瑞礼']
2026-06-07 18:38:39 [wxAutoControl] [DEBUG] [visual.py:923]  清空搜索框后文本 attempt=1 value='搜索O首创禧瑞礼'
2026-06-07 18:38:42 [wxAutoControl] [DEBUG] [visual.py:484]  VisualWeixinWindow.read_search_text normalized='13789625468首创禧瑞礼' raw_boxes=['13789625468', '首创禧瑞礼']
2026-06-07 18:38:42 [wxAutoControl] [DEBUG] [visual.py:930]  写入搜索框后的实际文本 attempt=1 value='13789625468首创禧瑞礼'
2026-06-07 18:38:42 [wxAutoControl] [DEBUG] [visual.py:935]  搜索框文本已包含目标手机号 attempt=1 normalized_actual='13789625468首创禧瑞礼'
2026-06-07 18:38:44 [wxAutoControl] [DEBUG] [visual.py:484]  VisualWeixinWindow.read_search_text normalized='13789625468首创禧瑞礼' raw_boxes=['13789625468', '首创禧瑞礼']
2026-06-07 18:38:44 [wxAutoControl] [DEBUG] [visual.py:979]  搜索框写入完成 成功=True 当前文本='13789625468首创禧瑞礼'
2026-06-07 18:38:44 [wxAutoControl] [DEBUG] [visual.py:987]  检查全局搜索下拉结果 attempt=1 是否找到下拉窗=True
2026-06-07 18:38:44 [wxAutoControl] [DEBUG] [visual.py:415]  VisualWeixinWindow.screenshot first capture hwnd=1640946 size=368x464 cost=0.018s
2026-06-07 18:38:44 [wxAutoControl] [DEBUG] [visual.py:429]  VisualWeixinWindow._get_ocr init start
2026-06-07 18:38:44 [wxAutoControl] [DEBUG] [visual.py:431]  VisualWeixinWindow._get_ocr init done cost=0.609s
2026-06-07 18:38:48 [wxAutoControl] [DEBUG] [visual.py:444]  VisualWeixinWindow.ocr_texts first OCR call cost=3.796s
2026-06-07 18:38:50 [wxAutoControl] [DEBUG] [visual.py:1001]  分析全局搜索结果 attempt=1 目标入口=OCRTextBox(text='网络查找手机/QQ号：13789625468', score=0.9942494928836823, left=80, top=335, right=311, bottom=350) 下拉文本=['聊天记录', '没有昵称', '05/30', '13789625468', '【售楼部】禧瑞礼洋房沟通群', '2023/12/25', '.3113789625468重庆市北碚区中山公园村', '渝北租房找我17726682534', '2023/04/07', '消潇君俏13789625468', '查看全部（4）', '更多', '网络查找手机/QQ号：13789625468', '搜索网络结果', '13789625468']
2026-06-07 18:38:50 [wxAutoControl] [DEBUG] [visual.py:207]  [locator] step=search.network_entry source=cache:miss scope=VisualSearchPopup:368x464
2026-06-07 18:38:52 [wxAutoControl] [DEBUG] [visual.py:243]  [cache store] scope=VisualSearchPopup:368x464 step=search.network_entry point=(195, 343) ratio=[0.529891, 0.739224]
2026-06-07 18:38:52 [wxAutoControl] [DEBUG] [visual.py:178]  [locator] step=search.network_entry source=ocr scope=VisualSearchPopup:368x464 point=(195, 343) text='网络查找手机/QQ号：13789625468'
2026-06-07 18:38:52 [wxAutoControl] [DEBUG] [visual.py:1008]  点击网络查找入口 attempt=1 text='网络查找手机/QQ号：13789625468' hit=(195, 343)
2026-06-07 18:38:52 [wxAutoControl] [DEBUG] [visual.py:339]  VisualWeixinWindow._resolve_abs_point source=client-origin rel=(195, 343) abs=(466, 766)
2026-06-07 18:38:52 [wxAutoControl] [DEBUG] [client.py:131]  全局搜索打开添加朋友窗口结果=True
2026-06-07 18:38:52 [wxAutoControl] [DEBUG] [client.py:139]  是否找到添加朋友窗口=True
2026-06-07 18:38:52 [wxAutoControl] [DEBUG] [visual.py:415]  VisualWeixinWindow.screenshot first capture hwnd=985710 size=344x728 cost=0.018s
2026-06-07 18:38:52 [wxAutoControl] [DEBUG] [visual.py:429]  VisualWeixinWindow._get_ocr init start
2026-06-07 18:38:53 [wxAutoControl] [DEBUG] [visual.py:431]  VisualWeixinWindow._get_ocr init done cost=0.661s
2026-06-07 18:38:56 [wxAutoControl] [DEBUG] [visual.py:444]  VisualWeixinWindow.ocr_texts first OCR call cost=3.691s
2026-06-07 19:04:44 [wxAutoControl] [DEBUG] [client.py:115]  添加好友开始 手机号='13789625468' 入口模式='add_menu'
2026-06-07 19:04:44 [wxAutoControl] [DEBUG] [client.py:137]  开始从主窗口加号菜单打开添加朋友窗口
2026-06-07 19:04:44 [wxAutoControl] [DEBUG] [visual.py:1092]  开始执行加号菜单添加好友 手机号='13789625468' 重试次数=3 窗口模式=固定尺寸:1000x700
2026-06-07 19:04:44 [wxAutoControl] [DEBUG] [visual.py:391]  VisualWeixinWindow.normalize_main_window source=already-normalized size=1000x700
2026-06-07 19:04:44 [wxAutoControl] [DEBUG] [visual.py:415]  VisualWeixinWindow.screenshot first capture hwnd=264340 size=1000x700 cost=0.020s
2026-06-07 19:04:44 [wxAutoControl] [DEBUG] [visual.py:429]  VisualWeixinWindow._get_ocr init start
2026-06-07 19:04:45 [wxAutoControl] [DEBUG] [visual.py:431]  VisualWeixinWindow._get_ocr init done cost=0.546s
2026-06-07 19:04:48 [wxAutoControl] [DEBUG] [visual.py:444]  VisualWeixinWindow.ocr_texts first OCR call cost=3.229s
2026-06-07 19:04:48 [wxAutoControl] [DEBUG] [visual.py:685]  在搜索区域识别到占位词 text='搜索' box=(51, 45, 77, 58)
2026-06-07 19:04:48 [wxAutoControl] [DEBUG] [visual.py:752]  搜索占位词已可见，跳过切换到聊天页
2026-06-07 19:04:48 [wxAutoControl] [DEBUG] [visual.py:207]  [locator] step=main.add_menu_button source=cache:miss scope=VisualWeixinWindow:1000x700
2026-06-07 19:04:49 [wxAutoControl] [DEBUG] [visual.py:243]  [cache store] scope=VisualWeixinWindow:1000x700 step=main.add_menu_button point=(275, 56) ratio=[0.275, 0.08]
2026-06-07 19:04:49 [wxAutoControl] [DEBUG] [visual.py:178]  [locator] step=main.add_menu_button source=ocr scope=VisualWeixinWindow:1000x700 point=(275, 56) text='+'
2026-06-07 19:04:49 [wxAutoControl] [DEBUG] [visual.py:339]  VisualWeixinWindow._resolve_abs_point source=client-origin rel=(275, 56) abs=(498, 416)
2026-06-07 19:04:50 [wxAutoControl] [DEBUG] [visual.py:415]  VisualWeixinWindow.screenshot first capture hwnd=3214224 size=164x164 cost=0.009s
2026-06-07 19:04:50 [wxAutoControl] [DEBUG] [visual.py:429]  VisualWeixinWindow._get_ocr init start
2026-06-07 19:04:50 [wxAutoControl] [DEBUG] [visual.py:431]  VisualWeixinWindow._get_ocr init done cost=0.481s
2026-06-07 19:04:51 [wxAutoControl] [DEBUG] [visual.py:444]  VisualWeixinWindow.ocr_texts first OCR call cost=1.430s
2026-06-07 19:04:51 [wxAutoControl] [DEBUG] [visual.py:1106]  检查加号菜单弹窗 attempt=1 found=True
2026-06-07 19:04:51 [wxAutoControl] [DEBUG] [visual.py:207]  [locator] step=menu.add_friend_entry source=cache:miss scope=VisualAddMenuPopup:164x164
2026-06-07 19:04:51 [wxAutoControl] [DEBUG] [visual.py:243]  [cache store] scope=VisualAddMenuPopup:164x164 step=menu.add_friend_entry point=(70, 82) ratio=[0.426829, 0.5]
2026-06-07 19:04:51 [wxAutoControl] [DEBUG] [visual.py:178]  [locator] step=menu.add_friend_entry source=ocr scope=VisualAddMenuPopup:164x164 point=(70, 82) text='+添加朋友'
2026-06-07 19:04:51 [wxAutoControl] [DEBUG] [visual.py:339]  VisualWeixinWindow._resolve_abs_point source=client-origin rel=(70, 82) abs=(485, 500)
2026-06-07 19:04:52 [wxAutoControl] [DEBUG] [visual.py:415]  VisualWeixinWindow.screenshot first capture hwnd=985710 size=344x462 cost=0.011s
2026-06-07 19:04:52 [wxAutoControl] [DEBUG] [visual.py:429]  VisualWeixinWindow._get_ocr init start
2026-06-07 19:04:53 [wxAutoControl] [DEBUG] [visual.py:431]  VisualWeixinWindow._get_ocr init done cost=0.462s
2026-06-07 19:04:54 [wxAutoControl] [DEBUG] [visual.py:444]  VisualWeixinWindow.ocr_texts first OCR call cost=1.408s
2026-06-07 19:04:54 [wxAutoControl] [DEBUG] [visual.py:1119]  检查加号菜单进入搜索添加朋友窗口 attempt=1 found=True
2026-06-07 19:04:54 [wxAutoControl] [DEBUG] [visual.py:207]  [locator] step=menu_search.input source=cache:miss scope=VisualAddFriendSearchWindow:344x462
2026-06-07 19:04:55 [wxAutoControl] [DEBUG] [visual.py:243]  [cache store] scope=VisualAddFriendSearchWindow:344x462 step=menu_search.input point=(162, 76) ratio=[0.47093, 0.164502]
2026-06-07 19:04:55 [wxAutoControl] [DEBUG] [visual.py:178]  [locator] step=menu_search.input source=ocr scope=VisualAddFriendSearchWindow:344x462 point=(162, 76) text='搜索微信号或者手机号'
2026-06-07 19:04:55 [wxAutoControl] [DEBUG] [visual.py:339]  VisualWeixinWindow._resolve_abs_point source=client-origin rel=(162, 76) abs=(1277, 544)
2026-06-07 19:04:55 [wxAutoControl] [DEBUG] [visual.py:339]  VisualWeixinWindow._resolve_abs_point source=client-origin rel=(162, 76) abs=(1277, 544)
2026-06-07 19:04:56 [wxAutoControl] [DEBUG] [visual.py:207]  [locator] step=menu_search.button source=cache:miss scope=VisualAddFriendSearchWindow:344x462
2026-06-07 19:04:57 [wxAutoControl] [DEBUG] [visual.py:243]  [cache store] scope=VisualAddFriendSearchWindow:344x462 step=menu_search.button point=(269, 78) ratio=[0.781977, 0.168831]
2026-06-07 19:04:57 [wxAutoControl] [DEBUG] [visual.py:178]  [locator] step=menu_search.button source=ocr scope=VisualAddFriendSearchWindow:344x462 point=(269, 78) text='搜索'
2026-06-07 19:04:57 [wxAutoControl] [DEBUG] [visual.py:339]  VisualWeixinWindow._resolve_abs_point source=client-origin rel=(269, 78) abs=(1384, 546)
2026-06-07 19:04:57 [wxAutoControl] [DEBUG] [client.py:139]  加号菜单打开添加朋友窗口结果=True
2026-06-07 19:04:57 [wxAutoControl] [DEBUG] [client.py:151]  是否找到添加朋友窗口=True
2026-06-07 19:04:57 [wxAutoControl] [DEBUG] [visual.py:415]  VisualWeixinWindow.screenshot first capture hwnd=985710 size=344x728 cost=0.009s
2026-06-07 19:04:57 [wxAutoControl] [DEBUG] [visual.py:429]  VisualWeixinWindow._get_ocr init start
2026-06-07 19:04:58 [wxAutoControl] [DEBUG] [visual.py:431]  VisualWeixinWindow._get_ocr init done cost=0.472s
2026-06-07 19:05:00 [wxAutoControl] [DEBUG] [visual.py:444]  VisualWeixinWindow.ocr_texts first OCR call cost=2.918s
2026-06-07 19:05:03 [wxAutoControl] [DEBUG] [client.py:159]  添加朋友资料页状态=already_friend
2026-06-07 19:06:08 [wxAutoControl] [DEBUG] [client.py:115]  添加好友开始 手机号='13789625468' 入口模式='add_menu'
2026-06-07 19:06:08 [wxAutoControl] [DEBUG] [client.py:137]  开始从主窗口加号菜单打开添加朋友窗口
2026-06-07 19:06:08 [wxAutoControl] [DEBUG] [visual.py:1092]  开始执行加号菜单添加好友 手机号='13789625468' 重试次数=3 窗口模式=固定尺寸:1000x700
2026-06-07 19:06:08 [wxAutoControl] [DEBUG] [visual.py:391]  VisualWeixinWindow.normalize_main_window source=already-normalized size=1000x700
2026-06-07 19:06:08 [wxAutoControl] [DEBUG] [visual.py:415]  VisualWeixinWindow.screenshot first capture hwnd=264340 size=1000x700 cost=0.023s
2026-06-07 19:06:08 [wxAutoControl] [DEBUG] [visual.py:429]  VisualWeixinWindow._get_ocr init start
2026-06-07 19:06:09 [wxAutoControl] [DEBUG] [visual.py:431]  VisualWeixinWindow._get_ocr init done cost=1.232s
2026-06-07 19:06:17 [wxAutoControl] [DEBUG] [visual.py:444]  VisualWeixinWindow.ocr_texts first OCR call cost=8.874s
2026-06-07 19:06:17 [wxAutoControl] [DEBUG] [visual.py:685]  在搜索区域识别到占位词 text='搜索' box=(51, 45, 77, 58)
2026-06-07 19:06:17 [wxAutoControl] [DEBUG] [visual.py:752]  搜索占位词已可见，跳过切换到聊天页
2026-06-07 19:06:17 [wxAutoControl] [DEBUG] [visual.py:178]  [locator] step=main.add_menu_button source=cache:absolute scope=VisualWeixinWindow:1000x700 point=(275, 56)
2026-06-07 19:06:21 [wxAutoControl] [DEBUG] [visual.py:243]  [cache store] scope=VisualWeixinWindow:1000x700 step=main.add_menu_button point=(275, 56) ratio=[0.275, 0.08]
2026-06-07 19:06:21 [wxAutoControl] [DEBUG] [visual.py:178]  [locator] step=main.add_menu_button source=ocr scope=VisualWeixinWindow:1000x700 point=(275, 56) text='+'
2026-06-07 19:06:21 [wxAutoControl] [DEBUG] [visual.py:339]  VisualWeixinWindow._resolve_abs_point source=client-origin rel=(275, 56) abs=(498, 416)
2026-06-07 19:06:22 [wxAutoControl] [DEBUG] [visual.py:415]  VisualWeixinWindow.screenshot first capture hwnd=1837678 size=164x164 cost=0.014s
2026-06-07 19:06:22 [wxAutoControl] [DEBUG] [visual.py:429]  VisualWeixinWindow._get_ocr init start
2026-06-07 19:06:23 [wxAutoControl] [DEBUG] [visual.py:431]  VisualWeixinWindow._get_ocr init done cost=1.371s
2026-06-07 19:06:26 [wxAutoControl] [DEBUG] [visual.py:444]  VisualWeixinWindow.ocr_texts first OCR call cost=4.581s
2026-06-07 19:06:26 [wxAutoControl] [DEBUG] [visual.py:1106]  检查加号菜单弹窗 attempt=1 found=True
2026-06-07 19:06:26 [wxAutoControl] [DEBUG] [visual.py:178]  [locator] step=menu.add_friend_entry source=cache:absolute scope=VisualAddMenuPopup:164x164 point=(70, 82)
2026-06-07 19:06:28 [wxAutoControl] [DEBUG] [visual.py:243]  [cache store] scope=VisualAddMenuPopup:164x164 step=menu.add_friend_entry point=(70, 82) ratio=[0.426829, 0.5]
2026-06-07 19:06:28 [wxAutoControl] [DEBUG] [visual.py:178]  [locator] step=menu.add_friend_entry source=ocr scope=VisualAddMenuPopup:164x164 point=(70, 82) text='+添加朋友'
2026-06-07 19:06:28 [wxAutoControl] [DEBUG] [visual.py:339]  VisualWeixinWindow._resolve_abs_point source=client-origin rel=(70, 82) abs=(485, 500)
2026-06-07 19:06:28 [wxAutoControl] [DEBUG] [visual.py:415]  VisualWeixinWindow.screenshot first capture hwnd=199904 size=344x462 cost=0.010s
2026-06-07 19:06:28 [wxAutoControl] [DEBUG] [visual.py:429]  VisualWeixinWindow._get_ocr init start
2026-06-07 19:06:30 [wxAutoControl] [DEBUG] [visual.py:431]  VisualWeixinWindow._get_ocr init done cost=1.416s
2026-06-07 19:06:33 [wxAutoControl] [DEBUG] [visual.py:444]  VisualWeixinWindow.ocr_texts first OCR call cost=4.695s
2026-06-07 19:06:34 [wxAutoControl] [DEBUG] [visual.py:1119]  检查加号菜单进入搜索添加朋友窗口 attempt=1 found=True
2026-06-07 19:06:34 [wxAutoControl] [DEBUG] [visual.py:178]  [locator] step=menu_search.input source=cache:absolute scope=VisualAddFriendSearchWindow:344x462 point=(162, 76)
2026-06-07 19:06:36 [wxAutoControl] [DEBUG] [visual.py:243]  [cache store] scope=VisualAddFriendSearchWindow:344x462 step=menu_search.input point=(162, 76) ratio=[0.47093, 0.164502]
2026-06-07 19:06:36 [wxAutoControl] [DEBUG] [visual.py:178]  [locator] step=menu_search.input source=ocr scope=VisualAddFriendSearchWindow:344x462 point=(162, 76) text='搜索微信号或者手机号'
2026-06-07 19:06:36 [wxAutoControl] [DEBUG] [visual.py:339]  VisualWeixinWindow._resolve_abs_point source=client-origin rel=(162, 76) abs=(1277, 544)
2026-06-07 19:06:36 [wxAutoControl] [DEBUG] [visual.py:339]  VisualWeixinWindow._resolve_abs_point source=client-origin rel=(162, 76) abs=(1277, 544)
2026-06-07 19:06:36 [wxAutoControl] [DEBUG] [visual.py:178]  [locator] step=menu_search.button source=cache:absolute scope=VisualAddFriendSearchWindow:344x462 point=(269, 78)
2026-06-07 19:06:38 [wxAutoControl] [DEBUG] [visual.py:243]  [cache store] scope=VisualAddFriendSearchWindow:344x462 step=menu_search.button point=(269, 78) ratio=[0.781977, 0.168831]
2026-06-07 19:06:38 [wxAutoControl] [DEBUG] [visual.py:178]  [locator] step=menu_search.button source=ocr scope=VisualAddFriendSearchWindow:344x462 point=(269, 78) text='搜索'
2026-06-07 19:06:38 [wxAutoControl] [DEBUG] [visual.py:339]  VisualWeixinWindow._resolve_abs_point source=client-origin rel=(269, 78) abs=(1384, 546)
2026-06-07 19:06:39 [wxAutoControl] [DEBUG] [client.py:139]  加号菜单打开添加朋友窗口结果=True
2026-06-07 19:06:39 [wxAutoControl] [DEBUG] [client.py:151]  是否找到添加朋友窗口=True
2026-06-07 19:06:39 [wxAutoControl] [DEBUG] [visual.py:415]  VisualWeixinWindow.screenshot first capture hwnd=199904 size=344x462 cost=0.034s
2026-06-07 19:06:39 [wxAutoControl] [DEBUG] [visual.py:429]  VisualWeixinWindow._get_ocr init start
2026-06-07 19:06:39 [wxAutoControl] [DEBUG] [visual.py:431]  VisualWeixinWindow._get_ocr init done cost=0.733s
2026-06-07 19:06:43 [wxAutoControl] [DEBUG] [visual.py:444]  VisualWeixinWindow.ocr_texts first OCR call cost=3.884s
2026-06-07 19:07:21 [wxAutoControl] [DEBUG] [client.py:115]  添加好友开始 手机号='13789625468' 入口模式='global_search'
2026-06-07 19:07:21 [wxAutoControl] [DEBUG] [client.py:141]  开始从全局搜索打开添加朋友窗口
2026-06-07 19:07:21 [wxAutoControl] [DEBUG] [visual.py:1029]  开始执行全局搜索添加好友 手机号='13789625468' 重试次数=3 窗口模式=固定尺寸:1000x700
2026-06-07 19:07:21 [wxAutoControl] [DEBUG] [visual.py:391]  VisualWeixinWindow.normalize_main_window source=already-normalized size=1000x700
2026-06-07 19:07:21 [wxAutoControl] [DEBUG] [visual.py:415]  VisualWeixinWindow.screenshot first capture hwnd=264340 size=1000x700 cost=0.023s
2026-06-07 19:07:21 [wxAutoControl] [DEBUG] [visual.py:429]  VisualWeixinWindow._get_ocr init start
2026-06-07 19:07:22 [wxAutoControl] [DEBUG] [visual.py:431]  VisualWeixinWindow._get_ocr init done cost=0.713s
2026-06-07 19:07:28 [wxAutoControl] [DEBUG] [visual.py:444]  VisualWeixinWindow.ocr_texts first OCR call cost=6.501s
2026-06-07 19:07:28 [wxAutoControl] [DEBUG] [visual.py:685]  在搜索区域识别到占位词 text='搜索' box=(51, 45, 77, 58)
2026-06-07 19:07:28 [wxAutoControl] [DEBUG] [visual.py:752]  搜索占位词已可见，跳过切换到聊天页
2026-06-07 19:07:32 [wxAutoControl] [DEBUG] [visual.py:685]  在搜索区域识别到占位词 text='搜索' box=(51, 45, 77, 58)
2026-06-07 19:07:32 [wxAutoControl] [DEBUG] [visual.py:594]  已根据 OCR 识别到搜索框 占位词='搜索' box=(61, 37, 326, 68)
2026-06-07 19:07:32 [wxAutoControl] [DEBUG] [visual.py:178]  [locator] step=search.input source=cache:absolute scope=VisualWeixinWindow:1000x700 point=(172, 54)
2026-06-07 19:07:36 [wxAutoControl] [DEBUG] [visual.py:685]  在搜索区域识别到占位词 text='搜索' box=(51, 45, 77, 58)
2026-06-07 19:07:36 [wxAutoControl] [DEBUG] [visual.py:594]  已根据 OCR 识别到搜索框 占位词='搜索' box=(61, 37, 326, 68)
2026-06-07 19:07:36 [wxAutoControl] [DEBUG] [visual.py:662]  搜索框候选点击点 来源=ocr:search-box 区域=(50, 5, 400, 70) 候选点=[(172, 54), (214, 54), (135, 54)]
2026-06-07 19:07:36 [wxAutoControl] [DEBUG] [visual.py:339]  VisualWeixinWindow._resolve_abs_point source=client-origin rel=(172, 54) abs=(395, 414)
2026-06-07 19:07:36 [wxAutoControl] [DEBUG] [visual.py:940]  尝试聚焦搜索框 attempt=1 candidate=0 point=(172, 54) focused=True action=单击后直接认为已聚焦
2026-06-07 19:07:36 [wxAutoControl] [DEBUG] [visual.py:243]  [cache store] scope=VisualWeixinWindow:1000x700 step=search.input point=(172, 54) ratio=[0.172, 0.077143]
2026-06-07 19:07:41 [wxAutoControl] [DEBUG] [visual.py:484]  VisualWeixinWindow.read_search_text normalized='搜索O首创禧瑞礼' raw_boxes=['搜索', 'O', '首创禧瑞礼']
2026-06-07 19:07:41 [wxAutoControl] [DEBUG] [visual.py:978]  开始写入搜索内容 attempt=1 当前文本='搜索O首创禧瑞礼' 目标文本='13789625468' 聚焦点=(172, 54)
2026-06-07 19:07:41 [wxAutoControl] [DEBUG] [visual.py:339]  VisualWeixinWindow._resolve_abs_point source=client-origin rel=(172, 54) abs=(395, 414)
2026-06-07 19:07:46 [wxAutoControl] [DEBUG] [visual.py:484]  VisualWeixinWindow.read_search_text normalized='搜索O首创禧瑞礼' raw_boxes=['搜索', 'O', '首创禧瑞礼']
2026-06-07 19:07:46 [wxAutoControl] [DEBUG] [visual.py:983]  清空搜索框后文本 attempt=1 value='搜索O首创禧瑞礼'
2026-06-07 19:07:50 [wxAutoControl] [DEBUG] [visual.py:484]  VisualWeixinWindow.read_search_text normalized='13789625468首创禧瑞礼' raw_boxes=['13789625468', '首创禧瑞礼']
2026-06-07 19:07:51 [wxAutoControl] [DEBUG] [visual.py:990]  写入搜索框后的实际文本 attempt=1 value='13789625468首创禧瑞礼'
2026-06-07 19:07:51 [wxAutoControl] [DEBUG] [visual.py:995]  搜索框文本已包含目标手机号 attempt=1 normalized_actual='13789625468首创禧瑞礼'
2026-06-07 19:07:55 [wxAutoControl] [DEBUG] [visual.py:484]  VisualWeixinWindow.read_search_text normalized='13789625468首创禧瑞礼' raw_boxes=['13789625468', '首创禧瑞礼']
2026-06-07 19:07:55 [wxAutoControl] [DEBUG] [visual.py:1039]  搜索框写入完成 成功=True 当前文本='13789625468首创禧瑞礼'
2026-06-07 19:07:55 [wxAutoControl] [DEBUG] [visual.py:1047]  检查全局搜索下拉结果 attempt=1 是否找到下拉窗=True
2026-06-07 19:07:55 [wxAutoControl] [DEBUG] [visual.py:415]  VisualWeixinWindow.screenshot first capture hwnd=6555844 size=368x464 cost=0.018s
2026-06-07 19:07:55 [wxAutoControl] [DEBUG] [visual.py:429]  VisualWeixinWindow._get_ocr init start
2026-06-07 19:07:56 [wxAutoControl] [DEBUG] [visual.py:431]  VisualWeixinWindow._get_ocr init done cost=0.931s
2026-06-07 19:15:01 [wxAutoControl] [DEBUG] [client.py:115]  添加好友开始 手机号='13789625468' 入口模式='global_search'
2026-06-07 19:15:01 [wxAutoControl] [DEBUG] [client.py:141]  开始从全局搜索打开添加朋友窗口
2026-06-07 19:15:01 [wxAutoControl] [DEBUG] [visual.py:1032]  开始执行全局搜索添加好友 手机号='13789625468' 重试次数=3 窗口模式=固定尺寸:1000x700
2026-06-07 19:15:02 [wxAutoControl] [DEBUG] [visual.py:391]  VisualWeixinWindow.normalize_main_window source=already-normalized size=1000x700
2026-06-07 19:15:02 [wxAutoControl] [DEBUG] [visual.py:415]  VisualWeixinWindow.screenshot first capture hwnd=264340 size=1000x700 cost=0.021s
2026-06-07 19:15:02 [wxAutoControl] [DEBUG] [visual.py:429]  VisualWeixinWindow._get_ocr init start
2026-06-07 19:15:03 [wxAutoControl] [DEBUG] [visual.py:431]  VisualWeixinWindow._get_ocr init done cost=0.997s
2026-06-07 19:15:11 [wxAutoControl] [DEBUG] [visual.py:444]  VisualWeixinWindow.ocr_texts first OCR call cost=8.842s
2026-06-07 19:15:11 [wxAutoControl] [DEBUG] [visual.py:685]  在搜索区域识别到占位词 text='搜索' box=(51, 45, 77, 58)
2026-06-07 19:15:11 [wxAutoControl] [DEBUG] [visual.py:752]  搜索占位词已可见，跳过切换到聊天页
2026-06-07 19:31:52 [wxAutoControl] [DEBUG] [client.py:115]  添加好友开始 手机号='19823323612' 入口模式='global_search'
2026-06-07 19:31:52 [wxAutoControl] [DEBUG] [client.py:141]  开始从全局搜索打开添加朋友窗口
2026-06-07 19:31:52 [wxAutoControl] [DEBUG] [visual.py:1032]  开始执行全局搜索添加好友 手机号='19823323612' 重试次数=3 窗口模式=固定尺寸:1000x700
2026-06-07 19:31:52 [wxAutoControl] [DEBUG] [visual.py:391]  VisualWeixinWindow.normalize_main_window source=already-normalized size=1000x700
2026-06-07 19:31:52 [wxAutoControl] [DEBUG] [visual.py:415]  VisualWeixinWindow.screenshot first capture hwnd=264340 size=1000x700 cost=0.016s
2026-06-07 19:31:52 [wxAutoControl] [DEBUG] [visual.py:429]  VisualWeixinWindow._get_ocr init start
2026-06-07 19:31:53 [wxAutoControl] [DEBUG] [visual.py:431]  VisualWeixinWindow._get_ocr init done cost=0.724s
2026-06-07 19:31:57 [wxAutoControl] [DEBUG] [visual.py:444]  VisualWeixinWindow.ocr_texts first OCR call cost=4.968s
2026-06-07 19:31:57 [wxAutoControl] [DEBUG] [visual.py:685]  在搜索区域识别到占位词 text='搜索' box=(50, 44, 78, 59)
2026-06-07 19:31:57 [wxAutoControl] [DEBUG] [visual.py:752]  搜索占位词已可见，跳过切换到聊天页
2026-06-07 19:32:01 [wxAutoControl] [DEBUG] [visual.py:685]  在搜索区域识别到占位词 text='搜索' box=(50, 44, 78, 59)
2026-06-07 19:32:01 [wxAutoControl] [DEBUG] [visual.py:594]  已根据 OCR 识别到搜索框 占位词='搜索' box=(61, 36, 326, 68)
2026-06-07 19:32:01 [wxAutoControl] [DEBUG] [visual.py:178]  [locator] step=search.input source=cache:absolute scope=VisualWeixinWindow:1000x700 point=(172, 54)
2026-06-07 19:32:04 [wxAutoControl] [DEBUG] [visual.py:685]  在搜索区域识别到占位词 text='搜索' box=(50, 44, 78, 59)
2026-06-07 19:32:04 [wxAutoControl] [DEBUG] [visual.py:594]  已根据 OCR 识别到搜索框 占位词='搜索' box=(61, 36, 326, 68)
2026-06-07 19:32:04 [wxAutoControl] [DEBUG] [visual.py:662]  搜索框候选点击点 来源=ocr:search-box 区域=(50, 5, 400, 70) 候选点=[(172, 53), (214, 53), (135, 53)]
2026-06-07 19:32:04 [wxAutoControl] [DEBUG] [visual.py:339]  VisualWeixinWindow._resolve_abs_point source=client-origin rel=(172, 54) abs=(556, 364)
2026-06-07 19:32:04 [wxAutoControl] [DEBUG] [visual.py:943]  尝试聚焦搜索框 attempt=1 candidate=0 point=(172, 54) focused=True action=单击后直接认为已聚焦
2026-06-07 19:32:04 [wxAutoControl] [DEBUG] [visual.py:243]  [cache store] scope=VisualWeixinWindow:1000x700 step=search.input point=(172, 54) ratio=[0.172, 0.077143]
2026-06-07 19:32:07 [wxAutoControl] [DEBUG] [visual.py:480]  VisualWeixinWindow.read_search_text normalized='' raw_boxes=['搜索']
2026-06-07 19:32:07 [wxAutoControl] [DEBUG] [visual.py:981]  开始写入搜索内容 attempt=1 当前文本='' 目标文本='19823323612' 聚焦点=(172, 54)
2026-06-07 19:32:07 [wxAutoControl] [DEBUG] [visual.py:339]  VisualWeixinWindow._resolve_abs_point source=client-origin rel=(172, 54) abs=(556, 364)
2026-06-07 19:32:10 [wxAutoControl] [DEBUG] [visual.py:480]  VisualWeixinWindow.read_search_text normalized='' raw_boxes=['搜索']
2026-06-07 19:32:10 [wxAutoControl] [DEBUG] [visual.py:986]  清空搜索框后文本 attempt=1 value=''
2026-06-07 19:32:13 [wxAutoControl] [DEBUG] [visual.py:484]  VisualWeixinWindow.read_search_text normalized='19823323612' raw_boxes=['19823323612']
2026-06-07 19:32:13 [wxAutoControl] [DEBUG] [visual.py:993]  写入搜索框后的实际文本 attempt=1 value='19823323612'
2026-06-07 19:32:13 [wxAutoControl] [DEBUG] [visual.py:998]  搜索框文本已包含目标手机号 attempt=1 normalized_actual='19823323612'
2026-06-07 19:32:16 [wxAutoControl] [DEBUG] [visual.py:484]  VisualWeixinWindow.read_search_text normalized='19823323612' raw_boxes=['19823323612']
2026-06-07 19:32:16 [wxAutoControl] [DEBUG] [visual.py:1042]  搜索框写入完成 成功=True 当前文本='19823323612'
2026-06-07 19:32:16 [wxAutoControl] [DEBUG] [visual.py:1050]  检查全局搜索下拉结果 attempt=1 是否找到下拉窗=True
2026-06-07 19:32:16 [wxAutoControl] [DEBUG] [visual.py:415]  VisualWeixinWindow.screenshot first capture hwnd=527176 size=368x464 cost=0.013s
2026-06-07 19:32:16 [wxAutoControl] [DEBUG] [visual.py:429]  VisualWeixinWindow._get_ocr init start
2026-06-07 19:32:17 [wxAutoControl] [DEBUG] [visual.py:431]  VisualWeixinWindow._get_ocr init done cost=0.753s
2026-06-07 19:32:22 [wxAutoControl] [DEBUG] [visual.py:444]  VisualWeixinWindow.ocr_texts first OCR call cost=5.313s
2026-06-07 19:32:25 [wxAutoControl] [DEBUG] [visual.py:1064]  分析全局搜索结果 attempt=1 目标入口=OCRTextBox(text='网络查找手机/QQ号：19823323612', score=0.9940427189523523, left=80, top=336, right=312, bottom=350) 下拉文本=['聊天记录', 'MM', '05/08', '19823323612', '美的地暖安装师傅秦奉', '2025/12/14', '19823323612', '定制门', '2025/04/14', '19823323612', '查看全部（7)', '更多', '网络查找手机/QQ号：19823323612', '搜索网络结果', '19823323612']
2026-06-07 19:32:25 [wxAutoControl] [DEBUG] [visual.py:178]  [locator] step=search.network_entry source=cache:absolute scope=VisualSearchPopup:368x464 point=(195, 343)
2026-06-07 19:32:28 [wxAutoControl] [DEBUG] [visual.py:243]  [cache store] scope=VisualSearchPopup:368x464 step=search.network_entry point=(196, 343) ratio=[0.532609, 0.739224]
2026-06-07 19:32:28 [wxAutoControl] [DEBUG] [visual.py:178]  [locator] step=search.network_entry source=ocr scope=VisualSearchPopup:368x464 point=(196, 343) text='网络查找手机/QQ号：19823323612'
2026-06-07 19:32:28 [wxAutoControl] [DEBUG] [visual.py:1071]  点击网络查找入口 attempt=1 text='网络查找手机/QQ号：19823323612' hit=(196, 343)
2026-06-07 19:32:28 [wxAutoControl] [DEBUG] [visual.py:339]  VisualWeixinWindow._resolve_abs_point source=client-origin rel=(196, 343) abs=(628, 716)
2026-06-07 19:32:29 [wxAutoControl] [DEBUG] [client.py:143]  全局搜索打开添加朋友窗口结果=True
2026-06-07 19:32:29 [wxAutoControl] [DEBUG] [client.py:151]  是否找到添加朋友窗口=True
2026-06-07 19:32:29 [wxAutoControl] [DEBUG] [visual.py:415]  VisualWeixinWindow.screenshot first capture hwnd=1445156 size=344x462 cost=0.008s
2026-06-07 19:32:29 [wxAutoControl] [DEBUG] [visual.py:429]  VisualWeixinWindow._get_ocr init start
2026-06-07 19:32:30 [wxAutoControl] [DEBUG] [visual.py:431]  VisualWeixinWindow._get_ocr init done cost=0.638s
2026-06-07 19:32:32 [wxAutoControl] [DEBUG] [visual.py:444]  VisualWeixinWindow.ocr_texts first OCR call cost=2.550s
2026-06-07 19:32:32 [wxAutoControl] [DEBUG] [client.py:159]  添加朋友资料页状态=found
2026-06-07 19:32:33 [wxAutoControl] [DEBUG] [visual.py:243]  [cache store] scope=VisualAddFriendWindow:344x462 step=add_friend.add_to_contacts point=(159, 285) ratio=[0.462209, 0.616883]
2026-06-07 19:32:33 [wxAutoControl] [DEBUG] [visual.py:178]  [locator] step=add_friend.add_to_contacts source=ocr scope=VisualAddFriendWindow:344x462 point=(159, 285) text='添加到通讯录'
2026-06-07 19:32:34 [wxAutoControl] [DEBUG] [visual.py:339]  VisualWeixinWindow._resolve_abs_point source=client-origin rel=(159, 285) abs=(1274, 753)
2026-06-07 19:32:36 [wxAutoControl] [DEBUG] [client.py:182]  是否找到申请添加朋友弹窗=True
2026-06-07 19:32:36 [wxAutoControl] [DEBUG] [visual.py:415]  VisualWeixinWindow.screenshot first capture hwnd=658242 size=376x668 cost=0.013s
2026-06-07 19:32:36 [wxAutoControl] [DEBUG] [visual.py:207]  [locator] step=request.verify_msg_input source=cache:miss scope=VisualFriendRequestWindow:376x668
2026-06-07 19:32:36 [wxAutoControl] [DEBUG] [visual.py:429]  VisualWeixinWindow._get_ocr init start
2026-06-07 19:32:37 [wxAutoControl] [DEBUG] [visual.py:431]  VisualWeixinWindow._get_ocr init done cost=0.608s
2026-06-07 19:32:41 [wxAutoControl] [DEBUG] [visual.py:444]  VisualWeixinWindow.ocr_texts first OCR call cost=4.931s
2026-06-07 19:32:41 [wxAutoControl] [DEBUG] [visual.py:243]  [cache store] scope=VisualFriendRequestWindow:376x668 step=request.verify_msg_input point=(75, 80) ratio=[0.199468, 0.11976]
2026-06-07 19:32:48 [wxAutoControl] [DEBUG] [visual.py:1870]  VisualFriendRequestWindow._resolve_form_input_click_points -> {'verify_msg': (75, 80), 'remark': (75, 212), 'tags': (75, 302)}
2026-06-07 19:32:48 [wxAutoControl] [DEBUG] [visual.py:1948]  VisualFriendRequestWindow.set_verify_message enabled=False
2026-06-07 19:32:48 [wxAutoControl] [DEBUG] [visual.py:243]  [cache store] scope=VisualFriendRequestWindow:376x668 step=request.verify_msg_input point=(75, 80) ratio=[0.199468, 0.11976]
2026-06-07 19:32:48 [wxAutoControl] [DEBUG] [visual.py:207]  [locator] step=request.remark_input source=cache:miss scope=VisualFriendRequestWindow:376x668
2026-06-07 19:32:53 [wxAutoControl] [DEBUG] [visual.py:1889]  VisualFriendRequestWindow._resolve_field_point_below_label label='备注' point=(82, 228)
2026-06-07 19:32:53 [wxAutoControl] [DEBUG] [visual.py:178]  [locator] step=request.remark_input source=ocr:label scope=VisualFriendRequestWindow:376x668 point=(82, 228) label=备注
2026-06-07 19:32:53 [wxAutoControl] [DEBUG] [visual.py:243]  [cache store] scope=VisualFriendRequestWindow:376x668 step=request.remark_input point=(82, 228) ratio=[0.218085, 0.341317]
2026-06-07 19:32:53 [wxAutoControl] [DEBUG] [visual.py:1962]  VisualFriendRequestWindow.set_remark enabled=False
2026-06-07 19:32:53 [wxAutoControl] [DEBUG] [visual.py:243]  [cache store] scope=VisualFriendRequestWindow:376x668 step=request.remark_input point=(82, 228) ratio=[0.218085, 0.341317]
2026-06-07 19:32:56 [wxAutoControl] [DEBUG] [visual.py:207]  [locator] step=request.permission:聊天、朋友圈、微信运动等 source=cache:miss scope=VisualFriendRequestWindow:376x668
2026-06-07 19:32:56 [wxAutoControl] [DEBUG] [visual.py:2052]  VisualFriendRequestWindow.ensure_permission permission='聊天、朋友圈、微信运动等' found=True
2026-06-07 19:32:56 [wxAutoControl] [DEBUG] [visual.py:243]  [cache store] scope=VisualFriendRequestWindow:376x668 step=request.permission:聊天、朋友圈、微信运动等 point=(119, 395) ratio=[0.316489, 0.591317]
2026-06-07 19:32:56 [wxAutoControl] [DEBUG] [visual.py:339]  VisualWeixinWindow._resolve_abs_point source=client-origin rel=(119, 395) abs=(1121, 715)
2026-06-07 19:32:56 [wxAutoControl] [DEBUG] [visual.py:2032]  VisualFriendRequestWindow.fill_form verify_ok=True remark_ok=True tags_ok=True permission_ok=True
2026-06-07 19:32:59 [wxAutoControl] [DEBUG] [visual.py:207]  [locator] step=request.confirm_button source=cache:miss scope=VisualFriendRequestWindow:376x668
2026-06-07 19:32:59 [wxAutoControl] [DEBUG] [visual.py:243]  [cache store] scope=VisualFriendRequestWindow:376x668 step=request.confirm_button point=(129, 627) ratio=[0.343085, 0.938623]
2026-06-07 19:32:59 [wxAutoControl] [DEBUG] [visual.py:339]  VisualWeixinWindow._resolve_abs_point source=client-origin rel=(129, 627) abs=(1131, 947)
2026-06-07 19:33:00 [wxAutoControl] [DEBUG] [visual.py:2115]  VisualFriendRequestWindow.click_confirm click sent but dialog still visible; defer final classification to post-submit checks
2026-06-07 19:33:00 [wxAutoControl] [DEBUG] [visual.py:2141]  VisualFriendRequestWindow.apply_form submit_ok=True
2026-06-07 19:33:00 [wxAutoControl] [DEBUG] [client.py:224]  提交申请表单结果=True
2026-06-07 19:33:01 [wxAutoControl] [DEBUG] [visual.py:1592]  VisualAddFriendWindow.infer_post_submit_success submit_ok=True post_state=request_form -> keep-observed-state
2026-06-07 19:33:01 [wxAutoControl] [DEBUG] [client.py:235]  提交后的页面状态=request_form
2026-06-07 19:34:08 [wxAutoControl] [DEBUG] [client.py:115]  添加好友开始 手机号='19823323612' 入口模式='add_menu'
2026-06-07 19:34:08 [wxAutoControl] [DEBUG] [client.py:137]  开始从主窗口加号菜单打开添加朋友窗口
2026-06-07 19:34:08 [wxAutoControl] [DEBUG] [visual.py:1095]  开始执行加号菜单添加好友 手机号='19823323612' 重试次数=3 窗口模式=固定尺寸:1000x700
2026-06-07 19:34:08 [wxAutoControl] [DEBUG] [visual.py:391]  VisualWeixinWindow.normalize_main_window source=already-normalized size=1000x700
2026-06-07 19:34:08 [wxAutoControl] [DEBUG] [visual.py:415]  VisualWeixinWindow.screenshot first capture hwnd=264340 size=1000x700 cost=0.018s
2026-06-07 19:34:08 [wxAutoControl] [DEBUG] [visual.py:429]  VisualWeixinWindow._get_ocr init start
2026-06-07 19:34:09 [wxAutoControl] [DEBUG] [visual.py:431]  VisualWeixinWindow._get_ocr init done cost=0.809s
2026-06-07 19:34:14 [wxAutoControl] [DEBUG] [visual.py:444]  VisualWeixinWindow.ocr_texts first OCR call cost=5.254s
2026-06-07 19:34:14 [wxAutoControl] [DEBUG] [visual.py:685]  在搜索区域识别到占位词 text='搜索' box=(50, 44, 78, 59)
2026-06-07 19:34:14 [wxAutoControl] [DEBUG] [visual.py:752]  搜索占位词已可见，跳过切换到聊天页
2026-06-07 19:34:14 [wxAutoControl] [DEBUG] [visual.py:178]  [locator] step=main.add_menu_button source=cache:absolute scope=VisualWeixinWindow:1000x700 point=(275, 56)
2026-06-07 19:34:14 [wxAutoControl] [DEBUG] [visual.py:178]  [locator] step=main.add_menu_button source=cache scope=VisualWeixinWindow:1000x700 point=(275, 56)
2026-06-07 19:34:14 [wxAutoControl] [DEBUG] [visual.py:339]  VisualWeixinWindow._resolve_abs_point source=client-origin rel=(275, 56) abs=(659, 366)
2026-06-07 19:34:15 [wxAutoControl] [DEBUG] [visual.py:415]  VisualWeixinWindow.screenshot first capture hwnd=1379128 size=164x164 cost=0.009s
2026-06-07 19:34:15 [wxAutoControl] [DEBUG] [visual.py:429]  VisualWeixinWindow._get_ocr init start
2026-06-07 19:34:15 [wxAutoControl] [DEBUG] [visual.py:431]  VisualWeixinWindow._get_ocr init done cost=0.821s
2026-06-07 19:34:17 [wxAutoControl] [DEBUG] [visual.py:444]  VisualWeixinWindow.ocr_texts first OCR call cost=2.814s
2026-06-07 19:34:17 [wxAutoControl] [DEBUG] [visual.py:1109]  检查加号菜单弹窗 attempt=1 mode=cache found=True
2026-06-07 19:34:18 [wxAutoControl] [DEBUG] [visual.py:178]  [locator] step=menu.add_friend_entry source=cache:absolute scope=VisualAddMenuPopup:164x164 point=(70, 82)
2026-06-07 19:34:18 [wxAutoControl] [DEBUG] [visual.py:178]  [locator] step=menu.add_friend_entry source=cache scope=VisualAddMenuPopup:164x164 point=(70, 82)
2026-06-07 19:34:18 [wxAutoControl] [DEBUG] [visual.py:339]  VisualWeixinWindow._resolve_abs_point source=client-origin rel=(70, 82) abs=(646, 450)
2026-06-07 19:34:18 [wxAutoControl] [DEBUG] [visual.py:415]  VisualWeixinWindow.screenshot first capture hwnd=1445156 size=344x462 cost=0.006s
2026-06-07 19:34:18 [wxAutoControl] [DEBUG] [visual.py:429]  VisualWeixinWindow._get_ocr init start
2026-06-07 19:34:19 [wxAutoControl] [DEBUG] [visual.py:431]  VisualWeixinWindow._get_ocr init done cost=0.817s
2026-06-07 19:34:22 [wxAutoControl] [DEBUG] [visual.py:444]  VisualWeixinWindow.ocr_texts first OCR call cost=3.377s
2026-06-07 19:34:23 [wxAutoControl] [DEBUG] [visual.py:1132]  检查加号菜单进入搜索添加朋友窗口 attempt=1 mode=cache found=True
2026-06-07 19:34:23 [wxAutoControl] [DEBUG] [visual.py:178]  [locator] step=menu_search.input source=cache:absolute scope=VisualAddFriendSearchWindow:344x462 point=(162, 76)
2026-06-07 19:34:23 [wxAutoControl] [DEBUG] [visual.py:178]  [locator] step=menu_search.input source=cache scope=VisualAddFriendSearchWindow:344x462 point=(162, 76)
2026-06-07 19:34:23 [wxAutoControl] [DEBUG] [visual.py:339]  VisualWeixinWindow._resolve_abs_point source=client-origin rel=(162, 76) abs=(1277, 544)
2026-06-07 19:34:23 [wxAutoControl] [DEBUG] [visual.py:339]  VisualWeixinWindow._resolve_abs_point source=client-origin rel=(162, 76) abs=(1277, 544)
2026-06-07 19:34:24 [wxAutoControl] [DEBUG] [visual.py:178]  [locator] step=menu_search.button source=cache:absolute scope=VisualAddFriendSearchWindow:344x462 point=(269, 78)
2026-06-07 19:34:24 [wxAutoControl] [DEBUG] [visual.py:178]  [locator] step=menu_search.button source=cache scope=VisualAddFriendSearchWindow:344x462 point=(269, 78)
2026-06-07 19:34:24 [wxAutoControl] [DEBUG] [visual.py:339]  VisualWeixinWindow._resolve_abs_point source=client-origin rel=(269, 78) abs=(1384, 546)
2026-06-07 19:34:24 [wxAutoControl] [DEBUG] [client.py:139]  加号菜单打开添加朋友窗口结果=True
2026-06-07 19:34:24 [wxAutoControl] [DEBUG] [client.py:151]  是否找到添加朋友窗口=True
2026-06-07 19:34:24 [wxAutoControl] [DEBUG] [visual.py:415]  VisualWeixinWindow.screenshot first capture hwnd=1445156 size=344x548 cost=0.013s
2026-06-07 19:34:24 [wxAutoControl] [DEBUG] [visual.py:429]  VisualWeixinWindow._get_ocr init start
2026-06-07 19:34:25 [wxAutoControl] [DEBUG] [visual.py:431]  VisualWeixinWindow._get_ocr init done cost=1.028s
2026-06-07 19:34:32 [wxAutoControl] [DEBUG] [visual.py:444]  VisualWeixinWindow.ocr_texts first OCR call cost=7.700s
2026-06-07 19:34:43 [wxAutoControl] [DEBUG] [client.py:159]  添加朋友资料页状态=already_friend
2026-06-07 19:59:29 [wxAutoControl] [DEBUG] [client.py:115]  添加好友开始 手机号='19823323612' 入口模式='add_menu'
2026-06-07 19:59:29 [wxAutoControl] [DEBUG] [client.py:137]  开始从主窗口加号菜单打开添加朋友窗口
2026-06-07 19:59:29 [wxAutoControl] [DEBUG] [visual.py:1095]  开始执行加号菜单添加好友 手机号='19823323612' 重试次数=3 窗口模式=固定尺寸:1000x700
2026-06-07 19:59:29 [wxAutoControl] [DEBUG] [visual.py:391]  VisualWeixinWindow.normalize_main_window source=already-normalized size=1000x700
2026-06-07 19:59:29 [wxAutoControl] [DEBUG] [visual.py:415]  VisualWeixinWindow.screenshot first capture hwnd=264340 size=1000x700 cost=0.022s
2026-06-07 19:59:29 [wxAutoControl] [DEBUG] [visual.py:429]  VisualWeixinWindow._get_ocr init start
2026-06-07 19:59:30 [wxAutoControl] [DEBUG] [visual.py:431]  VisualWeixinWindow._get_ocr init done cost=0.796s
2026-06-07 19:59:35 [wxAutoControl] [DEBUG] [visual.py:444]  VisualWeixinWindow.ocr_texts first OCR call cost=6.014s
2026-06-07 19:59:35 [wxAutoControl] [DEBUG] [visual.py:685]  在搜索区域识别到占位词 text='搜索' box=(51, 45, 77, 58)
2026-06-07 19:59:35 [wxAutoControl] [DEBUG] [visual.py:752]  搜索占位词已可见，跳过切换到聊天页
2026-06-07 19:59:35 [wxAutoControl] [DEBUG] [visual.py:178]  [locator] step=main.add_menu_button source=cache:absolute scope=VisualWeixinWindow:1000x700 point=(275, 56)
2026-06-07 19:59:35 [wxAutoControl] [DEBUG] [visual.py:178]  [locator] step=main.add_menu_button source=cache scope=VisualWeixinWindow:1000x700 point=(275, 56)
2026-06-07 19:59:35 [wxAutoControl] [DEBUG] [visual.py:339]  VisualWeixinWindow._resolve_abs_point source=client-origin rel=(275, 56) abs=(659, 366)
2026-06-07 19:59:37 [wxAutoControl] [DEBUG] [visual.py:1109]  检查加号菜单弹窗 attempt=1 mode=cache found=False
2026-06-07 19:59:37 [wxAutoControl] [DEBUG] [visual.py:178]  [locator] step=main.add_menu_button source=cache:absolute scope=VisualWeixinWindow:1000x700 point=(275, 56)
2026-06-07 19:59:39 [wxAutoControl] [DEBUG] [visual.py:178]  [locator] step=main.add_menu_button source=cache-fallback scope=VisualWeixinWindow:1000x700 point=(275, 56)
2026-06-07 19:59:39 [wxAutoControl] [DEBUG] [visual.py:339]  VisualWeixinWindow._resolve_abs_point source=client-origin rel=(275, 56) abs=(659, 366)
2026-06-07 19:59:40 [wxAutoControl] [DEBUG] [visual.py:415]  VisualWeixinWindow.screenshot first capture hwnd=1706560 size=164x164 cost=0.014s
2026-06-07 19:59:40 [wxAutoControl] [DEBUG] [visual.py:429]  VisualWeixinWindow._get_ocr init start
2026-06-07 19:59:41 [wxAutoControl] [DEBUG] [visual.py:431]  VisualWeixinWindow._get_ocr init done cost=0.641s
2026-06-07 19:59:42 [wxAutoControl] [DEBUG] [visual.py:444]  VisualWeixinWindow.ocr_texts first OCR call cost=2.141s
2026-06-07 19:59:42 [wxAutoControl] [DEBUG] [visual.py:1119]  检查加号菜单弹窗 attempt=1 mode=ocr found=True
2026-06-07 19:59:42 [wxAutoControl] [DEBUG] [visual.py:178]  [locator] step=menu.add_friend_entry source=cache:absolute scope=VisualAddMenuPopup:164x164 point=(70, 82)
2026-06-07 19:59:42 [wxAutoControl] [DEBUG] [visual.py:178]  [locator] step=menu.add_friend_entry source=cache scope=VisualAddMenuPopup:164x164 point=(70, 82)
2026-06-07 19:59:42 [wxAutoControl] [DEBUG] [visual.py:339]  VisualWeixinWindow._resolve_abs_point source=client-origin rel=(70, 82) abs=(646, 450)
2026-06-07 19:59:43 [wxAutoControl] [DEBUG] [visual.py:415]  VisualWeixinWindow.screenshot first capture hwnd=1445156 size=344x462 cost=0.009s
2026-06-07 19:59:43 [wxAutoControl] [DEBUG] [visual.py:429]  VisualWeixinWindow._get_ocr init start
2026-06-07 19:59:44 [wxAutoControl] [DEBUG] [visual.py:431]  VisualWeixinWindow._get_ocr init done cost=0.581s
2026-06-07 19:59:46 [wxAutoControl] [DEBUG] [visual.py:444]  VisualWeixinWindow.ocr_texts first OCR call cost=2.912s
2026-06-07 19:59:47 [wxAutoControl] [DEBUG] [visual.py:1132]  检查加号菜单进入搜索添加朋友窗口 attempt=1 mode=cache found=True
2026-06-07 19:59:47 [wxAutoControl] [DEBUG] [visual.py:178]  [locator] step=menu_search.input source=cache:absolute scope=VisualAddFriendSearchWindow:344x462 point=(162, 76)
2026-06-07 19:59:47 [wxAutoControl] [DEBUG] [visual.py:178]  [locator] step=menu_search.input source=cache scope=VisualAddFriendSearchWindow:344x462 point=(162, 76)
2026-06-07 19:59:47 [wxAutoControl] [DEBUG] [visual.py:339]  VisualWeixinWindow._resolve_abs_point source=client-origin rel=(162, 76) abs=(1277, 544)
2026-06-07 19:59:47 [wxAutoControl] [DEBUG] [visual.py:339]  VisualWeixinWindow._resolve_abs_point source=client-origin rel=(162, 76) abs=(1277, 544)
2026-06-07 19:59:48 [wxAutoControl] [DEBUG] [visual.py:178]  [locator] step=menu_search.button source=cache:absolute scope=VisualAddFriendSearchWindow:344x462 point=(269, 78)
2026-06-07 19:59:48 [wxAutoControl] [DEBUG] [visual.py:178]  [locator] step=menu_search.button source=cache scope=VisualAddFriendSearchWindow:344x462 point=(269, 78)
2026-06-07 19:59:48 [wxAutoControl] [DEBUG] [visual.py:339]  VisualWeixinWindow._resolve_abs_point source=client-origin rel=(269, 78) abs=(1384, 546)
2026-06-07 19:59:48 [wxAutoControl] [DEBUG] [client.py:139]  加号菜单打开添加朋友窗口结果=True
2026-06-07 19:59:48 [wxAutoControl] [DEBUG] [client.py:151]  是否找到添加朋友窗口=True
2026-06-07 19:59:48 [wxAutoControl] [DEBUG] [visual.py:415]  VisualWeixinWindow.screenshot first capture hwnd=1445156 size=344x462 cost=0.013s
2026-06-07 19:59:48 [wxAutoControl] [DEBUG] [visual.py:429]  VisualWeixinWindow._get_ocr init start
2026-06-07 19:59:49 [wxAutoControl] [DEBUG] [visual.py:431]  VisualWeixinWindow._get_ocr init done cost=0.662s
2026-06-07 19:59:51 [wxAutoControl] [DEBUG] [visual.py:444]  VisualWeixinWindow.ocr_texts first OCR call cost=2.995s
2026-06-07 20:00:09 [wxAutoControl] [DEBUG] [client.py:159]  添加朋友资料页状态=unknown
2026-06-07 20:50:41 [wxAutoControl] [DEBUG] [client.py:115]  添加好友开始 手机号='19823323612' 入口模式='add_menu'
2026-06-07 20:50:41 [wxAutoControl] [DEBUG] [client.py:137]  开始从主窗口加号菜单打开添加朋友窗口
2026-06-07 20:50:41 [wxAutoControl] [DEBUG] [visual.py:1143]  开始执行加号菜单添加好友 手机号='19823323612' 重试次数=3 窗口模式=固定尺寸:1000x700
2026-06-07 20:50:42 [wxAutoControl] [DEBUG] [visual.py:391]  VisualWeixinWindow.normalize_main_window source=already-normalized size=1000x700
2026-06-07 20:50:42 [wxAutoControl] [DEBUG] [visual.py:415]  VisualWeixinWindow.screenshot first capture hwnd=264340 size=1000x700 cost=0.026s
2026-06-07 20:50:42 [wxAutoControl] [DEBUG] [visual.py:429]  VisualWeixinWindow._get_ocr init start
2026-06-07 20:50:42 [wxAutoControl] [DEBUG] [visual.py:431]  VisualWeixinWindow._get_ocr init done cost=0.794s
2026-06-07 20:50:50 [wxAutoControl] [DEBUG] [visual.py:444]  VisualWeixinWindow.ocr_texts first OCR call cost=8.217s
2026-06-07 20:50:50 [wxAutoControl] [DEBUG] [visual.py:685]  在搜索区域识别到占位词 text='搜索' box=(51, 45, 77, 58)
2026-06-07 20:50:50 [wxAutoControl] [DEBUG] [visual.py:752]  搜索占位词已可见，跳过切换到聊天页
2026-06-07 20:50:50 [wxAutoControl] [DEBUG] [visual.py:178]  [locator] step=main.add_menu_button source=cache:absolute scope=VisualWeixinWindow:1000x700 point=(275, 56)
2026-06-07 20:50:50 [wxAutoControl] [DEBUG] [visual.py:178]  [locator] step=main.add_menu_button source=cache scope=VisualWeixinWindow:1000x700 point=(275, 56)
2026-06-07 20:50:50 [wxAutoControl] [DEBUG] [visual.py:339]  VisualWeixinWindow._resolve_abs_point source=client-origin rel=(275, 56) abs=(659, 366)
2026-06-07 20:50:51 [wxAutoControl] [DEBUG] [visual.py:415]  VisualWeixinWindow.screenshot first capture hwnd=854596 size=164x164 cost=0.009s
2026-06-07 20:50:51 [wxAutoControl] [DEBUG] [visual.py:429]  VisualWeixinWindow._get_ocr init start
2026-06-07 20:50:51 [wxAutoControl] [DEBUG] [visual.py:431]  VisualWeixinWindow._get_ocr init done cost=0.500s
2026-06-07 20:50:53 [wxAutoControl] [DEBUG] [visual.py:444]  VisualWeixinWindow.ocr_texts first OCR call cost=2.201s
2026-06-07 20:50:53 [wxAutoControl] [DEBUG] [visual.py:1157]  检查加号菜单弹窗 attempt=1 mode=cache found=True
2026-06-07 20:50:53 [wxAutoControl] [DEBUG] [visual.py:178]  [locator] step=menu.add_friend_entry source=cache:absolute scope=VisualAddMenuPopup:164x164 point=(70, 82)
2026-06-07 20:50:53 [wxAutoControl] [DEBUG] [visual.py:178]  [locator] step=menu.add_friend_entry source=cache scope=VisualAddMenuPopup:164x164 point=(70, 82)
2026-06-07 20:50:53 [wxAutoControl] [DEBUG] [visual.py:339]  VisualWeixinWindow._resolve_abs_point source=client-origin rel=(70, 82) abs=(646, 450)
2026-06-07 20:50:54 [wxAutoControl] [DEBUG] [visual.py:415]  VisualWeixinWindow.screenshot first capture hwnd=1445156 size=344x462 cost=0.011s
2026-06-07 20:50:54 [wxAutoControl] [DEBUG] [visual.py:429]  VisualWeixinWindow._get_ocr init start
2026-06-07 20:50:54 [wxAutoControl] [DEBUG] [visual.py:431]  VisualWeixinWindow._get_ocr init done cost=0.489s
2026-06-07 20:50:57 [wxAutoControl] [DEBUG] [visual.py:444]  VisualWeixinWindow.ocr_texts first OCR call cost=3.158s
2026-06-07 20:50:59 [wxAutoControl] [DEBUG] [visual.py:1180]  检查加号菜单进入搜索添加朋友窗口 attempt=1 mode=cache found=True
2026-06-07 20:50:59 [wxAutoControl] [DEBUG] [visual.py:178]  [locator] step=menu_search.input source=cache:absolute scope=VisualAddFriendSearchWindow:344x462 point=(162, 76)
2026-06-07 20:50:59 [wxAutoControl] [DEBUG] [visual.py:178]  [locator] step=menu_search.input source=cache scope=VisualAddFriendSearchWindow:344x462 point=(162, 76)
2026-06-07 20:50:59 [wxAutoControl] [DEBUG] [visual.py:339]  VisualWeixinWindow._resolve_abs_point source=client-origin rel=(162, 76) abs=(1277, 544)
2026-06-07 20:50:59 [wxAutoControl] [DEBUG] [visual.py:339]  VisualWeixinWindow._resolve_abs_point source=client-origin rel=(162, 76) abs=(1277, 544)
2026-06-07 20:50:59 [wxAutoControl] [DEBUG] [visual.py:178]  [locator] step=menu_search.button source=cache:absolute scope=VisualAddFriendSearchWindow:344x462 point=(269, 78)
2026-06-07 20:51:00 [wxAutoControl] [DEBUG] [visual.py:178]  [locator] step=menu_search.button source=cache scope=VisualAddFriendSearchWindow:344x462 point=(269, 78)
2026-06-07 20:51:00 [wxAutoControl] [DEBUG] [visual.py:339]  VisualWeixinWindow._resolve_abs_point source=client-origin rel=(269, 78) abs=(1384, 546)
2026-06-07 20:51:00 [wxAutoControl] [DEBUG] [client.py:139]  加号菜单打开添加朋友窗口结果=True
2026-06-07 20:51:00 [wxAutoControl] [DEBUG] [client.py:151]  是否找到添加朋友窗口=True
2026-06-07 20:51:00 [wxAutoControl] [DEBUG] [visual.py:415]  VisualWeixinWindow.screenshot first capture hwnd=1445156 size=344x462 cost=0.027s
2026-06-07 20:51:00 [wxAutoControl] [DEBUG] [visual.py:429]  VisualWeixinWindow._get_ocr init start
2026-06-07 20:51:01 [wxAutoControl] [DEBUG] [visual.py:431]  VisualWeixinWindow._get_ocr init done cost=0.724s
2026-06-07 20:51:04 [wxAutoControl] [DEBUG] [visual.py:444]  VisualWeixinWindow.ocr_texts first OCR call cost=3.684s
2026-06-07 20:51:23 [wxAutoControl] [DEBUG] [client.py:159]  添加朋友资料页状态=unknown
2026-06-07 20:55:22 [wxAutoControl] [DEBUG] [client.py:115]  添加好友开始 手机号='19823323612' 入口模式='add_menu'
2026-06-07 20:55:22 [wxAutoControl] [DEBUG] [client.py:137]  开始从主窗口加号菜单打开添加朋友窗口
2026-06-07 20:55:22 [wxAutoControl] [DEBUG] [visual.py:1143]  开始执行加号菜单添加好友 手机号='19823323612' 重试次数=3 窗口模式=固定尺寸:1000x700
2026-06-07 20:55:22 [wxAutoControl] [DEBUG] [visual.py:391]  VisualWeixinWindow.normalize_main_window source=already-normalized size=1000x700
2026-06-07 20:55:22 [wxAutoControl] [DEBUG] [visual.py:415]  VisualWeixinWindow.screenshot first capture hwnd=264340 size=1000x700 cost=0.023s
2026-06-07 20:55:22 [wxAutoControl] [DEBUG] [visual.py:429]  VisualWeixinWindow._get_ocr init start
2026-06-07 20:55:23 [wxAutoControl] [DEBUG] [visual.py:431]  VisualWeixinWindow._get_ocr init done cost=0.686s
2026-06-07 20:55:28 [wxAutoControl] [DEBUG] [visual.py:444]  VisualWeixinWindow.ocr_texts first OCR call cost=5.629s
2026-06-07 20:55:28 [wxAutoControl] [DEBUG] [visual.py:685]  在搜索区域识别到占位词 text='搜索' box=(51, 45, 77, 58)
2026-06-07 20:55:28 [wxAutoControl] [DEBUG] [visual.py:752]  搜索占位词已可见，跳过切换到聊天页
2026-06-07 20:55:28 [wxAutoControl] [DEBUG] [visual.py:178]  [locator] step=main.add_menu_button source=cache:absolute scope=VisualWeixinWindow:1000x700 point=(275, 56)
2026-06-07 20:55:28 [wxAutoControl] [DEBUG] [visual.py:178]  [locator] step=main.add_menu_button source=cache scope=VisualWeixinWindow:1000x700 point=(275, 56)
2026-06-07 20:55:28 [wxAutoControl] [DEBUG] [visual.py:339]  VisualWeixinWindow._resolve_abs_point source=client-origin rel=(275, 56) abs=(284, 373)
2026-06-07 20:55:30 [wxAutoControl] [DEBUG] [visual.py:1157]  检查加号菜单弹窗 attempt=1 mode=cache found=False
2026-06-07 20:55:30 [wxAutoControl] [DEBUG] [visual.py:178]  [locator] step=main.add_menu_button source=cache:absolute scope=VisualWeixinWindow:1000x700 point=(275, 56)
2026-06-07 20:55:31 [wxAutoControl] [DEBUG] [visual.py:243]  [cache store] scope=VisualWeixinWindow:1000x700 step=main.add_menu_button point=(275, 56) ratio=[0.275, 0.08]
2026-06-07 20:55:31 [wxAutoControl] [DEBUG] [visual.py:178]  [locator] step=main.add_menu_button source=ocr scope=VisualWeixinWindow:1000x700 point=(275, 56) text='+'
2026-06-07 20:55:31 [wxAutoControl] [DEBUG] [visual.py:339]  VisualWeixinWindow._resolve_abs_point source=client-origin rel=(275, 56) abs=(284, 373)
2026-06-07 20:55:33 [wxAutoControl] [DEBUG] [visual.py:1167]  检查加号菜单弹窗 attempt=1 mode=ocr found=False
2026-06-07 20:55:33 [wxAutoControl] [DEBUG] [visual.py:178]  [locator] step=main.add_menu_button source=cache:absolute scope=VisualWeixinWindow:1000x700 point=(275, 56)
2026-06-07 20:55:33 [wxAutoControl] [DEBUG] [visual.py:178]  [locator] step=main.add_menu_button source=cache scope=VisualWeixinWindow:1000x700 point=(275, 56)
2026-06-07 20:55:33 [wxAutoControl] [DEBUG] [visual.py:339]  VisualWeixinWindow._resolve_abs_point source=client-origin rel=(275, 56) abs=(284, 373)
2026-06-07 20:55:34 [wxAutoControl] [DEBUG] [visual.py:1157]  检查加号菜单弹窗 attempt=2 mode=cache found=False
2026-06-07 20:55:35 [wxAutoControl] [DEBUG] [visual.py:178]  [locator] step=main.add_menu_button source=cache:absolute scope=VisualWeixinWindow:1000x700 point=(275, 56)
2026-06-07 20:55:36 [wxAutoControl] [DEBUG] [visual.py:243]  [cache store] scope=VisualWeixinWindow:1000x700 step=main.add_menu_button point=(275, 56) ratio=[0.275, 0.08]
2026-06-07 20:55:36 [wxAutoControl] [DEBUG] [visual.py:178]  [locator] step=main.add_menu_button source=ocr scope=VisualWeixinWindow:1000x700 point=(275, 56) text='+'
2026-06-07 20:55:36 [wxAutoControl] [DEBUG] [visual.py:339]  VisualWeixinWindow._resolve_abs_point source=client-origin rel=(275, 56) abs=(284, 373)
2026-06-07 20:55:37 [wxAutoControl] [DEBUG] [visual.py:1167]  检查加号菜单弹窗 attempt=2 mode=ocr found=False
2026-06-07 20:55:37 [wxAutoControl] [DEBUG] [visual.py:178]  [locator] step=main.add_menu_button source=cache:absolute scope=VisualWeixinWindow:1000x700 point=(275, 56)
2026-06-07 20:55:37 [wxAutoControl] [DEBUG] [visual.py:178]  [locator] step=main.add_menu_button source=cache scope=VisualWeixinWindow:1000x700 point=(275, 56)
2026-06-07 20:55:37 [wxAutoControl] [DEBUG] [visual.py:339]  VisualWeixinWindow._resolve_abs_point source=client-origin rel=(275, 56) abs=(284, 373)
2026-06-07 20:55:39 [wxAutoControl] [DEBUG] [visual.py:1157]  检查加号菜单弹窗 attempt=3 mode=cache found=False
2026-06-07 20:55:39 [wxAutoControl] [DEBUG] [visual.py:178]  [locator] step=main.add_menu_button source=cache:absolute scope=VisualWeixinWindow:1000x700 point=(275, 56)
2026-06-07 20:55:40 [wxAutoControl] [DEBUG] [visual.py:243]  [cache store] scope=VisualWeixinWindow:1000x700 step=main.add_menu_button point=(275, 56) ratio=[0.275, 0.08]
2026-06-07 20:55:40 [wxAutoControl] [DEBUG] [visual.py:178]  [locator] step=main.add_menu_button source=ocr scope=VisualWeixinWindow:1000x700 point=(275, 56) text='+'
2026-06-07 20:55:40 [wxAutoControl] [DEBUG] [visual.py:339]  VisualWeixinWindow._resolve_abs_point source=client-origin rel=(275, 56) abs=(284, 373)
2026-06-07 20:56:07 [wxAutoControl] [DEBUG] [client.py:115]  添加好友开始 手机号='19823323612' 入口模式='add_menu'
2026-06-07 20:56:07 [wxAutoControl] [DEBUG] [client.py:137]  开始从主窗口加号菜单打开添加朋友窗口
2026-06-07 20:56:07 [wxAutoControl] [DEBUG] [visual.py:1143]  开始执行加号菜单添加好友 手机号='19823323612' 重试次数=3 窗口模式=固定尺寸:1000x700
2026-06-07 20:56:07 [wxAutoControl] [DEBUG] [visual.py:391]  VisualWeixinWindow.normalize_main_window source=already-normalized size=1000x700
2026-06-07 20:56:07 [wxAutoControl] [DEBUG] [visual.py:415]  VisualWeixinWindow.screenshot first capture hwnd=264340 size=1000x700 cost=0.023s
2026-06-07 20:56:07 [wxAutoControl] [DEBUG] [visual.py:429]  VisualWeixinWindow._get_ocr init start
2026-06-07 20:56:08 [wxAutoControl] [DEBUG] [visual.py:431]  VisualWeixinWindow._get_ocr init done cost=0.707s
2026-06-07 20:56:14 [wxAutoControl] [DEBUG] [visual.py:444]  VisualWeixinWindow.ocr_texts first OCR call cost=6.365s
2026-06-07 20:56:14 [wxAutoControl] [DEBUG] [visual.py:685]  在搜索区域识别到占位词 text='搜索' box=(50, 44, 77, 58)
2026-06-07 20:56:14 [wxAutoControl] [DEBUG] [visual.py:752]  搜索占位词已可见，跳过切换到聊天页
2026-06-07 20:56:14 [wxAutoControl] [DEBUG] [visual.py:178]  [locator] step=main.add_menu_button source=cache:absolute scope=VisualWeixinWindow:1000x700 point=(275, 56)
2026-06-07 20:56:14 [wxAutoControl] [DEBUG] [visual.py:178]  [locator] step=main.add_menu_button source=cache scope=VisualWeixinWindow:1000x700 point=(275, 56)
2026-06-07 20:56:14 [wxAutoControl] [DEBUG] [visual.py:339]  VisualWeixinWindow._resolve_abs_point source=client-origin rel=(275, 56) abs=(575, 227)
2026-06-07 20:56:15 [wxAutoControl] [DEBUG] [visual.py:415]  VisualWeixinWindow.screenshot first capture hwnd=592458 size=164x164 cost=0.011s
2026-06-07 20:56:15 [wxAutoControl] [DEBUG] [visual.py:429]  VisualWeixinWindow._get_ocr init start
2026-06-07 20:56:15 [wxAutoControl] [DEBUG] [visual.py:431]  VisualWeixinWindow._get_ocr init done cost=0.683s
2026-06-07 20:56:17 [wxAutoControl] [DEBUG] [visual.py:444]  VisualWeixinWindow.ocr_texts first OCR call cost=2.303s
2026-06-07 20:56:17 [wxAutoControl] [DEBUG] [visual.py:1157]  检查加号菜单弹窗 attempt=1 mode=cache found=True
2026-06-07 20:56:17 [wxAutoControl] [DEBUG] [visual.py:178]  [locator] step=menu.add_friend_entry source=cache:absolute scope=VisualAddMenuPopup:164x164 point=(70, 82)
2026-06-07 20:56:17 [wxAutoControl] [DEBUG] [visual.py:178]  [locator] step=menu.add_friend_entry source=cache scope=VisualAddMenuPopup:164x164 point=(70, 82)
2026-06-07 20:56:17 [wxAutoControl] [DEBUG] [visual.py:339]  VisualWeixinWindow._resolve_abs_point source=client-origin rel=(70, 82) abs=(562, 311)
2026-06-07 20:56:18 [wxAutoControl] [DEBUG] [visual.py:415]  VisualWeixinWindow.screenshot first capture hwnd=985646 size=344x462 cost=0.007s
2026-06-07 20:56:18 [wxAutoControl] [DEBUG] [visual.py:429]  VisualWeixinWindow._get_ocr init start
2026-06-07 20:56:18 [wxAutoControl] [DEBUG] [visual.py:431]  VisualWeixinWindow._get_ocr init done cost=0.712s
2026-06-07 20:56:20 [wxAutoControl] [DEBUG] [visual.py:444]  VisualWeixinWindow.ocr_texts first OCR call cost=2.504s
2026-06-07 20:56:22 [wxAutoControl] [DEBUG] [visual.py:1180]  检查加号菜单进入搜索添加朋友窗口 attempt=1 mode=cache found=True
2026-06-07 20:56:22 [wxAutoControl] [DEBUG] [visual.py:178]  [locator] step=menu_search.input source=cache:absolute scope=VisualAddFriendSearchWindow:344x462 point=(162, 76)
2026-06-07 20:56:22 [wxAutoControl] [DEBUG] [visual.py:178]  [locator] step=menu_search.input source=cache scope=VisualAddFriendSearchWindow:344x462 point=(162, 76)
2026-06-07 20:56:22 [wxAutoControl] [DEBUG] [visual.py:339]  VisualWeixinWindow._resolve_abs_point source=client-origin rel=(162, 76) abs=(1277, 544)
2026-06-07 20:56:22 [wxAutoControl] [DEBUG] [visual.py:339]  VisualWeixinWindow._resolve_abs_point source=client-origin rel=(162, 76) abs=(1277, 544)
2026-06-07 20:56:22 [wxAutoControl] [DEBUG] [visual.py:178]  [locator] step=menu_search.button source=cache:absolute scope=VisualAddFriendSearchWindow:344x462 point=(269, 78)
2026-06-07 20:56:22 [wxAutoControl] [DEBUG] [visual.py:178]  [locator] step=menu_search.button source=cache scope=VisualAddFriendSearchWindow:344x462 point=(269, 78)
2026-06-07 20:56:22 [wxAutoControl] [DEBUG] [visual.py:339]  VisualWeixinWindow._resolve_abs_point source=client-origin rel=(269, 78) abs=(1384, 546)
2026-06-07 20:56:23 [wxAutoControl] [DEBUG] [client.py:139]  加号菜单打开添加朋友窗口结果=True
2026-06-07 20:56:23 [wxAutoControl] [DEBUG] [client.py:151]  是否找到添加朋友窗口=True
2026-06-07 20:56:23 [wxAutoControl] [DEBUG] [visual.py:415]  VisualWeixinWindow.screenshot first capture hwnd=985646 size=344x462 cost=0.011s
2026-06-07 20:56:23 [wxAutoControl] [DEBUG] [visual.py:429]  VisualWeixinWindow._get_ocr init start
2026-06-07 20:56:23 [wxAutoControl] [DEBUG] [visual.py:431]  VisualWeixinWindow._get_ocr init done cost=0.550s
2026-06-07 20:56:26 [wxAutoControl] [DEBUG] [visual.py:444]  VisualWeixinWindow.ocr_texts first OCR call cost=3.212s
2026-06-07 20:56:26 [wxAutoControl] [DEBUG] [client.py:159]  添加朋友资料页状态=found
2026-06-07 20:56:27 [wxAutoControl] [DEBUG] [visual.py:243]  [cache store] scope=VisualAddFriendWindow:344x462 step=add_friend.add_to_contacts point=(158, 285) ratio=[0.459302, 0.616883]
2026-06-07 20:56:27 [wxAutoControl] [DEBUG] [visual.py:178]  [locator] step=add_friend.add_to_contacts source=ocr scope=VisualAddFriendWindow:344x462 point=(158, 285) text='添加到通讯录'
2026-06-07 20:56:29 [wxAutoControl] [DEBUG] [visual.py:339]  VisualWeixinWindow._resolve_abs_point source=client-origin rel=(158, 285) abs=(1273, 753)
2026-06-07 20:56:30 [wxAutoControl] [DEBUG] [visual.py:415]  VisualWeixinWindow.screenshot first capture hwnd=985646 size=344x462 cost=0.006s
2026-06-07 20:56:30 [wxAutoControl] [DEBUG] [visual.py:429]  VisualWeixinWindow._get_ocr init start
2026-06-07 20:56:30 [wxAutoControl] [DEBUG] [visual.py:431]  VisualWeixinWindow._get_ocr init done cost=0.540s
2026-06-07 20:56:33 [wxAutoControl] [DEBUG] [visual.py:444]  VisualWeixinWindow.ocr_texts first OCR call cost=3.115s
2026-06-07 20:56:33 [wxAutoControl] [DEBUG] [visual.py:415]  VisualWeixinWindow.screenshot first capture hwnd=264340 size=1000x700 cost=0.018s
2026-06-07 20:56:33 [wxAutoControl] [DEBUG] [visual.py:429]  VisualWeixinWindow._get_ocr init start
2026-06-07 20:56:34 [wxAutoControl] [DEBUG] [visual.py:431]  VisualWeixinWindow._get_ocr init done cost=0.721s
2026-06-07 21:42:52 [wxAutoControl] [DEBUG] [client.py:115]  添加好友开始 手机号='19823323612' 入口模式='add_menu'
2026-06-07 21:42:52 [wxAutoControl] [DEBUG] [client.py:137]  开始从主窗口加号菜单打开添加朋友窗口
2026-06-07 21:42:52 [wxAutoControl] [DEBUG] [visual.py:1143]  开始执行加号菜单添加好友 手机号='19823323612' 重试次数=3 窗口模式=固定尺寸:1000x700
2026-06-07 21:42:53 [wxAutoControl] [DEBUG] [visual.py:391]  VisualWeixinWindow.normalize_main_window source=already-normalized size=1000x700
2026-06-07 21:42:53 [wxAutoControl] [DEBUG] [visual.py:415]  VisualWeixinWindow.screenshot first capture hwnd=264340 size=1000x700 cost=0.026s
2026-06-07 21:42:53 [wxAutoControl] [DEBUG] [visual.py:429]  VisualWeixinWindow._get_ocr init start
2026-06-07 21:42:53 [wxAutoControl] [DEBUG] [visual.py:431]  VisualWeixinWindow._get_ocr init done cost=0.667s
2026-06-07 21:42:57 [wxAutoControl] [DEBUG] [visual.py:444]  VisualWeixinWindow.ocr_texts first OCR call cost=4.646s
2026-06-07 21:42:57 [wxAutoControl] [DEBUG] [visual.py:685]  在搜索区域识别到占位词 text='搜索' box=(50, 44, 77, 58)
2026-06-07 21:42:57 [wxAutoControl] [DEBUG] [visual.py:752]  搜索占位词已可见，跳过切换到聊天页
2026-06-07 21:42:57 [wxAutoControl] [DEBUG] [visual.py:178]  [locator] step=main.add_menu_button source=cache:absolute scope=VisualWeixinWindow:1000x700 point=(275, 56)
2026-06-07 21:42:57 [wxAutoControl] [DEBUG] [visual.py:178]  [locator] step=main.add_menu_button source=cache scope=VisualWeixinWindow:1000x700 point=(275, 56)
2026-06-07 21:42:57 [wxAutoControl] [DEBUG] [visual.py:339]  VisualWeixinWindow._resolve_abs_point source=client-origin rel=(275, 56) abs=(575, 227)
2026-06-07 21:42:58 [wxAutoControl] [DEBUG] [visual.py:415]  VisualWeixinWindow.screenshot first capture hwnd=462854 size=164x164 cost=0.008s
2026-06-07 21:42:58 [wxAutoControl] [DEBUG] [visual.py:429]  VisualWeixinWindow._get_ocr init start
2026-06-07 21:42:59 [wxAutoControl] [DEBUG] [visual.py:431]  VisualWeixinWindow._get_ocr init done cost=0.589s
2026-06-07 21:43:00 [wxAutoControl] [DEBUG] [visual.py:444]  VisualWeixinWindow.ocr_texts first OCR call cost=2.162s
2026-06-07 21:43:00 [wxAutoControl] [DEBUG] [visual.py:1157]  检查加号菜单弹窗 attempt=1 mode=cache found=True
2026-06-07 21:43:01 [wxAutoControl] [DEBUG] [visual.py:178]  [locator] step=menu.add_friend_entry source=cache:absolute scope=VisualAddMenuPopup:164x164 point=(70, 82)
2026-06-07 21:43:01 [wxAutoControl] [DEBUG] [visual.py:178]  [locator] step=menu.add_friend_entry source=cache scope=VisualAddMenuPopup:164x164 point=(70, 82)
2026-06-07 21:43:01 [wxAutoControl] [DEBUG] [visual.py:339]  VisualWeixinWindow._resolve_abs_point source=client-origin rel=(70, 82) abs=(562, 311)
2026-06-07 21:43:01 [wxAutoControl] [DEBUG] [visual.py:415]  VisualWeixinWindow.screenshot first capture hwnd=985646 size=344x462 cost=0.010s
2026-06-07 21:43:01 [wxAutoControl] [DEBUG] [visual.py:429]  VisualWeixinWindow._get_ocr init start
2026-06-07 21:43:02 [wxAutoControl] [DEBUG] [visual.py:431]  VisualWeixinWindow._get_ocr init done cost=0.584s
2026-06-07 21:43:05 [wxAutoControl] [DEBUG] [visual.py:444]  VisualWeixinWindow.ocr_texts first OCR call cost=3.252s
2026-06-07 21:43:06 [wxAutoControl] [DEBUG] [visual.py:1180]  检查加号菜单进入搜索添加朋友窗口 attempt=1 mode=cache found=True
2026-06-07 21:43:06 [wxAutoControl] [DEBUG] [visual.py:178]  [locator] step=menu_search.input source=cache:absolute scope=VisualAddFriendSearchWindow:344x462 point=(162, 76)
2026-06-07 21:43:06 [wxAutoControl] [DEBUG] [visual.py:178]  [locator] step=menu_search.input source=cache scope=VisualAddFriendSearchWindow:344x462 point=(162, 76)
2026-06-07 21:43:06 [wxAutoControl] [DEBUG] [visual.py:339]  VisualWeixinWindow._resolve_abs_point source=client-origin rel=(162, 76) abs=(1277, 544)
2026-06-07 21:43:06 [wxAutoControl] [DEBUG] [visual.py:339]  VisualWeixinWindow._resolve_abs_point source=client-origin rel=(162, 76) abs=(1277, 544)
2026-06-07 21:43:07 [wxAutoControl] [DEBUG] [visual.py:178]  [locator] step=menu_search.button source=cache:absolute scope=VisualAddFriendSearchWindow:344x462 point=(269, 78)
2026-06-07 21:43:07 [wxAutoControl] [DEBUG] [visual.py:178]  [locator] step=menu_search.button source=cache scope=VisualAddFriendSearchWindow:344x462 point=(269, 78)
2026-06-07 21:43:07 [wxAutoControl] [DEBUG] [visual.py:339]  VisualWeixinWindow._resolve_abs_point source=client-origin rel=(269, 78) abs=(1384, 546)
2026-06-07 21:43:07 [wxAutoControl] [DEBUG] [client.py:139]  加号菜单打开添加朋友窗口结果=True
2026-06-07 21:43:07 [wxAutoControl] [DEBUG] [client.py:151]  是否找到添加朋友窗口=True
2026-06-07 21:43:07 [wxAutoControl] [DEBUG] [visual.py:415]  VisualWeixinWindow.screenshot first capture hwnd=985646 size=344x462 cost=0.015s
2026-06-07 21:43:07 [wxAutoControl] [DEBUG] [visual.py:429]  VisualWeixinWindow._get_ocr init start
2026-06-07 21:43:08 [wxAutoControl] [DEBUG] [visual.py:431]  VisualWeixinWindow._get_ocr init done cost=0.600s
2026-06-07 21:43:11 [wxAutoControl] [DEBUG] [visual.py:444]  VisualWeixinWindow.ocr_texts first OCR call cost=3.442s
2026-06-07 21:43:11 [wxAutoControl] [DEBUG] [client.py:159]  添加朋友资料页状态=found
2026-06-07 21:43:13 [wxAutoControl] [DEBUG] [visual.py:243]  [cache store] scope=VisualAddFriendWindow:344x462 step=add_friend.add_to_contacts point=(159, 285) ratio=[0.462209, 0.616883]
2026-06-07 21:43:13 [wxAutoControl] [DEBUG] [visual.py:178]  [locator] step=add_friend.add_to_contacts source=ocr scope=VisualAddFriendWindow:344x462 point=(159, 285) text='添加到通讯录'
2026-06-07 21:43:15 [wxAutoControl] [DEBUG] [visual.py:339]  VisualWeixinWindow._resolve_abs_point source=client-origin rel=(159, 285) abs=(1274, 753)
2026-06-07 21:43:17 [wxAutoControl] [DEBUG] [client.py:182]  是否找到申请添加朋友弹窗=True
2026-06-07 21:43:17 [wxAutoControl] [DEBUG] [visual.py:415]  VisualWeixinWindow.screenshot first capture hwnd=135152 size=376x668 cost=0.009s
2026-06-07 21:43:17 [wxAutoControl] [DEBUG] [visual.py:178]  [locator] step=request.verify_msg_input source=cache:absolute scope=VisualFriendRequestWindow:376x668 point=(75, 80)
2026-06-07 21:43:17 [wxAutoControl] [DEBUG] [visual.py:429]  VisualWeixinWindow._get_ocr init start
2026-06-07 21:43:17 [wxAutoControl] [DEBUG] [visual.py:431]  VisualWeixinWindow._get_ocr init done cost=0.600s
2026-06-07 21:43:22 [wxAutoControl] [DEBUG] [visual.py:444]  VisualWeixinWindow.ocr_texts first OCR call cost=4.887s
2026-06-07 21:43:22 [wxAutoControl] [DEBUG] [visual.py:243]  [cache store] scope=VisualFriendRequestWindow:376x668 step=request.verify_msg_input point=(75, 80) ratio=[0.199468, 0.11976]
2026-06-07 21:43:28 [wxAutoControl] [DEBUG] [visual.py:1970]  VisualFriendRequestWindow._resolve_form_input_click_points -> {'verify_msg': (75, 80), 'remark': (75, 212), 'tags': (75, 302)}
2026-06-07 21:43:28 [wxAutoControl] [DEBUG] [visual.py:2048]  VisualFriendRequestWindow.set_verify_message enabled=False
2026-06-07 21:43:28 [wxAutoControl] [DEBUG] [visual.py:243]  [cache store] scope=VisualFriendRequestWindow:376x668 step=request.verify_msg_input point=(75, 80) ratio=[0.199468, 0.11976]
2026-06-07 21:43:28 [wxAutoControl] [DEBUG] [visual.py:178]  [locator] step=request.remark_input source=cache:absolute scope=VisualFriendRequestWindow:376x668 point=(82, 228)
2026-06-07 21:43:28 [wxAutoControl] [DEBUG] [visual.py:2062]  VisualFriendRequestWindow.set_remark enabled=False
2026-06-07 21:43:28 [wxAutoControl] [DEBUG] [visual.py:243]  [cache store] scope=VisualFriendRequestWindow:376x668 step=request.remark_input point=(82, 228) ratio=[0.218085, 0.341317]
2026-06-07 21:43:31 [wxAutoControl] [DEBUG] [visual.py:178]  [locator] step=request.permission:聊天、朋友圈、微信运动等 source=cache:absolute scope=VisualFriendRequestWindow:376x668 point=(119, 395)
2026-06-07 21:43:31 [wxAutoControl] [DEBUG] [visual.py:2152]  VisualFriendRequestWindow.ensure_permission permission='聊天、朋友圈、微信运动等' found=True
2026-06-07 21:43:31 [wxAutoControl] [DEBUG] [visual.py:243]  [cache store] scope=VisualFriendRequestWindow:376x668 step=request.permission:聊天、朋友圈、微信运动等 point=(119, 395) ratio=[0.316489, 0.591317]
2026-06-07 21:43:31 [wxAutoControl] [DEBUG] [visual.py:339]  VisualWeixinWindow._resolve_abs_point source=client-origin rel=(119, 395) abs=(1218, 760)
2026-06-07 21:43:32 [wxAutoControl] [DEBUG] [visual.py:2132]  VisualFriendRequestWindow.fill_form verify_ok=True remark_ok=True tags_ok=True permission_ok=True
2026-06-07 21:43:35 [wxAutoControl] [DEBUG] [visual.py:178]  [locator] step=request.confirm_button source=cache:absolute scope=VisualFriendRequestWindow:376x668 point=(129, 627)
2026-06-07 21:43:35 [wxAutoControl] [DEBUG] [visual.py:223]  [locator] step=request.confirm_button source=cache:out-of-bounds scope=VisualFriendRequestWindow:376x668 point=(129, 627) bounds=(195, 521, 375, 667)
2026-06-07 21:43:35 [wxAutoControl] [DEBUG] [visual.py:262]  [cache clear] scope=VisualFriendRequestWindow:376x668|VisualFriendRequestWindow step=request.confirm_button
2026-06-07 21:43:35 [wxAutoControl] [DEBUG] [visual.py:243]  [cache store] scope=VisualFriendRequestWindow:376x668 step=request.confirm_button point=(129, 627) ratio=[0.343085, 0.938623]
2026-06-07 21:43:35 [wxAutoControl] [DEBUG] [visual.py:339]  VisualWeixinWindow._resolve_abs_point source=client-origin rel=(129, 627) abs=(1228, 992)
2026-06-07 21:43:36 [wxAutoControl] [DEBUG] [visual.py:2215]  VisualFriendRequestWindow.click_confirm click sent but dialog still visible; defer final classification to post-submit checks
2026-06-07 21:43:36 [wxAutoControl] [DEBUG] [visual.py:2241]  VisualFriendRequestWindow.apply_form submit_ok=True
2026-06-07 21:43:36 [wxAutoControl] [DEBUG] [client.py:224]  提交申请表单结果=True
2026-06-07 21:43:36 [wxAutoControl] [DEBUG] [visual.py:1692]  VisualAddFriendWindow.infer_post_submit_success submit_ok=True post_state=request_form -> keep-observed-state
2026-06-07 21:43:36 [wxAutoControl] [DEBUG] [client.py:235]  提交后的页面状态=request_form
